image_path,reference_caption,generated_caption
/home/juneyonglee/Desktop/leejuyong/dacon-scpc/data/stanford_image_paragraph/archive/stanford_img/content/stanford_images/2353881.jpg,"this photograph is of buildings on a crowded street. the street itself is not shown. a church can be seen on the far left, as well as small businesses such as hardware stores. some of the buildings may be residential in nature. the buildings appear to be built on an incline, so this region is likely hilly or mountainous. power lines criss - cross the entirety of the image. a neon yellow pedestrian crossing sign can be seen in the lower right of the image.",a large brown building with a steeple on the top of it is surrounded by wires and wires hanging from the side of it on a sunny day in a city
/home/juneyonglee/Desktop/leejuyong/dacon-scpc/data/stanford_image_paragraph/archive/stanford_img/content/stanford_images/2370485.jpg,"a bike is leaning against a dark colored bench on the right. there are two women walking down the brick sidewalk on a sunny day. the full trees over the sidewalk block out most of the sun, but bits are streaming through and hitting the sidewalk and the bench. the closest woman has on dark shades, and a large white bag on her left shoulder.","a bike is parked on a bench in a park on a sunny day in a black and white photo of a city street in the background, with a person walking on a sidewalk in the background walking in the distance in the distance, and a person walking in the distance walking in the distance in the distance in the distance, and a building in the background, and a large tree in the background, with a few leaves on it, and a few people walking in the background, and a building in"
/home/juneyonglee/Desktop/leejuyong/dacon-scpc/data/stanford_image_paragraph/archive/stanford_img/content/stanford_images/2388602.jpg,a young asian girl is playing wii in a living room. she has on a denim romper with minnie mouse on the chest and has the controller in her right hand. the room has a hardwood floor and two beige couches. little polka dot socks are on her feet and she is smiling. a blue turtleneck is under the romper.,a little girl is standing in a living room holding a white remote in her hand and smiling at the camera as she plays a video game on the wii
/home/juneyonglee/Desktop/leejuyong/dacon-scpc/data/stanford_image_paragraph/archive/stanford_img/content/stanford_images/2412429.jpg,"a man, attached to a snowboard is leaning on the side of a snow wall. there are three people behind the man on the snow wall. the ledge next to the snow wall is small. the man on the snowboard is giving a thumbs up with his right hand. his back pack is resting on the snow wall. all of the people in the background are on skis. they are all holding ski poles.",a man is standing on a snow covered hill with his snowboard on his feet and his arms are crossed and his feet are on the snow and his skis are on the ground and his pants are black and white and his jacket is red and black and his pants are brown and black and white and his jacket is black and white and his pants are brown and black and white and black and white and black and white and black and white and black and white and black and white and black and white
/home/juneyonglee/Desktop/leejuyong/dacon-scpc/data/stanford_image_paragraph/archive/stanford_img/content/stanford_images/2356500.jpg,there is a white train with a black and an orange stripe at the bottom in an underground subway station. the train has a small display on the side with red lights in that display the letter u. there is no smoking sign on the side of the train as well. one the ground there is a yellow line running parallel to the train. there window on the side of the train and in the first window there is a person wearing a black jacket.,"a train is on the tracks in a station, with a red and black sign on the side of the train that reads 4 on it and a person sitting in a chair in the window of the train on the platform of the train, as well as a yellow line on the platform of the platform of the train, and a yellow line on the platform of the platform of the train, with a no entry sign on the side of the train, and a red and white sign with the word al"
/home/juneyonglee/Desktop/leejuyong/dacon-scpc/data/stanford_image_paragraph/archive/stanford_img/content/stanford_images/2411887.jpg,a medical jet is flying in the air in front of a mountain range. the mountains have snow on it. the jet is silver in color and there are medical cross symbols on the wings and tail. the symbol has a white cross on top of a red circle. the cockpit of the plane is covered in glass for the pilot to see. there are engines under the wings of the jet.,"a white jet is flying in the sky above a mountain range of snow covered mountains in the background of this image, the jet is a fighter jet with a red and white tail and a red emblem on the tail of the jet, and the word air force on the side of the jet, and the word air force written below the jet, is a red and white arrow on the side of the jet, and the word air force written below the jet, is a red and white stripe on the"
/home/juneyonglee/Desktop/leejuyong/dacon-scpc/data/stanford_image_paragraph/archive/stanford_img/content/stanford_images/2373063.jpg,"a young woman with a blue tank top, black helmet, and white pants is holding a bat preparing to his a baseball. the woman is standing on a dirt surface at a baseball field. there is another woman at the pitchers mount looking towards the woman with the bat, and another in the distance standing and watching. the sun is setting giving everything a reddish tint.","a young girl is standing on a baseball field, holding a bat in her hands and wearing a blue and white uniform with a white and blue logo on the back of it and a black helmet on her head and a black baseball glove on her hand and a white glove on her hand and a black glove on her hand and a white glove on her hand and a black glove on her hand and a white glove on her hand and a black glove on her hand and a white glove on her hand and"
/home/juneyonglee/Desktop/leejuyong/dacon-scpc/data/stanford_image_paragraph/archive/stanford_img/content/stanford_images/2359419.jpg,"a woman is standing on a tennis court playing tennis. she is wearing a blue visor and blue outfit. she is holding a racket in her hands, preparing to hit a green ball that is soaring towards her. a man is standing at the back of the court near a wall. he is wearing a blue cap, blue jacket and brown pants. the court is blue with white markings on it. a black and white net is seen sitting on the court.",a woman is playing tennis on a blue tennis court on a sunny day in front of a blue wall with white writing on it and a white logo on the wall in the back of it on the wall is a white chair with a black seat on it and a black tennis racket in front of the woman on the court in front of it is a yellow tennis ball in the air with a shadow on the court in front of it and a shadow on the court behind her on the court is a
/home/juneyonglee/Desktop/leejuyong/dacon-scpc/data/stanford_image_paragraph/archive/stanford_img/content/stanford_images/2395951.jpg,this image is of food on a plate. the sandwich is on a light tan colored biscuit type bread and has rib meat inside. the sandwich is on a white tray along with salad. tomatoes and lettuce are in the salad. the white dish is plastic and is on a desk top. on the wooden desk top is a black computer keyboard.,"a sandwich is sitting on a white napkin on a table in a room of a brown table, with a black keyboard in the background on the table, and a white plate of food on the table in front of the sandwich, with lettuce, tomato slices and a piece of meat in between the meat, and a piece of meat in between the lettuce, and tomato slices, sits on the napkin on the table, and the sandwich is sitting on a white napkin that is folded on"
/home/juneyonglee/Desktop/leejuyong/dacon-scpc/data/stanford_image_paragraph/archive/stanford_img/content/stanford_images/2378344.jpg,"a barefooted man has his right foot raise to step onto a skateboard. he is wearing a hooded sweatshirt, shorts, a beanie and sunglasses. the bodies ( but not the heads ) of two men can be seen about to pass the behind the man. the man in the white t - shirt is holding a bottle in his left hand. a sandwich board advertisement is in front of the building behind the people.",a young man is walking on a sidewalk with his foot on a skateboard and wearing a gray hoodie and tan shorts with a red logo on the bottom of the hoodie and a pair of black sunglasses on his face and a pair of black pants with a white stripe on the bottom of the shorts is visible in the image of a man in a white shirt and black pants walking behind him with a skateboard in the background of him and another man in a white shirt and black pants walking behind
/home/juneyonglee/Desktop/leejuyong/dacon-scpc/data/stanford_image_paragraph/archive/stanford_img/content/stanford_images/2324417.jpg,a man in a light pink shirt sits near the fender of a custom motorcycle. the front wheel of the motorcycle is attached by a series of rods. a row of red antique truck are behind the motorcycle. a man in a red cap is in the far back ground. there are also several vintage motor vehicles in the background. the vehicles are parked on a grassy field. the sky is blue and free of clouds.,"a red truck is parked on the grass with a motorcycle on it in front of it on a sunny day in a field of grass with a few people standing around it in the background of the photo, a man in a blue shirt and sunglasses is standing in front of the truck with a motorcycle attached to the front of it and a red cap on his head and sunglasses on his face, and a red baseball cap on his head, and a pair of sunglasses on his face, and a pair of"
/home/juneyonglee/Desktop/leejuyong/dacon-scpc/data/stanford_image_paragraph/archive/stanford_img/content/stanford_images/2379769.jpg,"a statue of a man flying a kite is on a railing on a bridge. the man, and the kite string are metal and dark while the kite is lighter. a brick chimney can be seen near the rail.",a statue of a man is holding a kite in his hands and is standing on a wire bridge that is attached to a building with wires attached to it and wires are attached to the structure of the statue of a man flying a kite in the sky and the sky is blue and cloudy and there are no clouds in the sky as the sun sets on the horizon of the day as the sky is blue and white in color as the sky above the statue of a man in the middle of the
/home/juneyonglee/Desktop/leejuyong/dacon-scpc/data/stanford_image_paragraph/archive/stanford_img/content/stanford_images/2382736.jpg,"the image is of a man playing tennis. he is standing on a tennis court which is blue. the area outside the court is a lighter blue. it is probably an indoor court since there is no ground showing. there is a black net separating the two sides of the court. the words "" atp world tour "" are written in white on the bottom of the net. the man is standing in the middle of the court. he is facing his opponent. he is holding a tennis racket","a man is standing on a tennis court playing tennis on a sunny day, he is wearing a blue shirt, white shorts and white shoes with white socks on the legs and a black wristband on his wrist and a black wristband on his wrist and a black wristband on his wrist and a black wristband on his wrist and a black wristband on his wrist and a black wristband on his wrist and a black wristband on his wrist and a black wristband on his wrist and a"
/home/juneyonglee/Desktop/leejuyong/dacon-scpc/data/stanford_image_paragraph/archive/stanford_img/content/stanford_images/2347505.jpg,there is a brown box on top of a table. there is food inside of the box. there is a can behind the box on the table. there is a straw in paper next to the box.,a yellow styrofoam container is sitting on a wooden table with a white napkin under it on top of it and a white napkin under it on the bottom of the container is a hot dog in a bun with cheese on top of it and a can of soda on the other side of the container and a can of soda on the other side of the table with a metal holder on it on the table next to the container and a can of soda on the table behind it
/home/juneyonglee/Desktop/leejuyong/dacon-scpc/data/stanford_image_paragraph/archive/stanford_img/content/stanford_images/2354519.jpg,there is a boy standing on the front yard of his home standing on red skis. he has his hands up over his head while holding on to the ski poles. his baby brother is kneeling next to him on the right with a blue pacifier in his mouth. behind them is a red pickup truck with a matching red camper shell attached to the bed of the truck. in the background behind the pickup is either a house or an apartment building.,a boy is standing on the grass with skis on his feet and holding a pair of skis on his hands and a pair of ski poles in his hands and a soccer ball on his feet in front of him on the ground in front of him is a red truck parked on the side of a house with a white railing on the side of it and a white railing on the side of the truck with a second floor window on the second floor of the second floor and a second floor window on
/home/juneyonglee/Desktop/leejuyong/dacon-scpc/data/stanford_image_paragraph/archive/stanford_img/content/stanford_images/2404341.jpg,"there is a train moving across a neighborhood. it has a yellow front, followed by a blue body that ' s rectangular in nature. before it approaches an intersection, it comes across an apartment complex. the complex is two stories in length, and holds around 8 - 10 houses in storage. they ' re all connected with each other.","a yellow and white train is on the tracks in a train station in a city, with a blue pole in front of it, and a blue pole in front of it on the other side of the tracks, and a white building in the background with windows on the top of the building, and a blue pole with a red and white sign on it in front of it, and a blue pole with a red and white sign on it in the middle of the front of the train, and a"
/home/juneyonglee/Desktop/leejuyong/dacon-scpc/data/stanford_image_paragraph/archive/stanford_img/content/stanford_images/2349600.jpg,this is a picture of a living room. there is a clean white wooden door in the room. there is a book shelf up high on the ceiling. the shelf is white and wooden. there are many books on the shelf. there is a framed picture of butterflies on the wall. the picture frame is black. there is a wooden coffee table in the middle of the room.,a living room with a piano in the center of the room is shown with a chandelier hanging from the ceiling above it and a small table with a candle on it in front of it in front of the door is a bookshelf with a bunch of books on top of it and a small table with a chair in the middle of it in front of it and a couch in the back of it with a blue rug on it in front of it and a window in the back of the
/home/juneyonglee/Desktop/leejuyong/dacon-scpc/data/stanford_image_paragraph/archive/stanford_img/content/stanford_images/2322075.jpg,"a train is in motion on the train tracks. a city skyline can be seen behind the train. there is an empty platform to the left of the train. electrical poles are on the sides of the tracks and wires are above the ground. buildings can be seen in the distance. the train is white with patches of red, yellow and blue on the side.","a train is moving down the tracks on a sunny day in a city with tall buildings in the background, and a red sidewalk in the foreground with a red line painted on it in the middle of it, and a red line painted on the bottom of the sidewalk in the middle of the image, and a red line painted on the bottom of the image in the middle of the image, and a yellow line on the bottom of the image, and a blue and white train in the middle of"
/home/juneyonglee/Desktop/leejuyong/dacon-scpc/data/stanford_image_paragraph/archive/stanford_img/content/stanford_images/2398587.jpg,an airplane flies over a small building. the airplane is in the blue sky. powerlines are attached to the building. the building has wooden stairs.,a plane is flying in the sky above a building with a balcony on the second floor and a second story on the second floor on the second floor on the second floor on the second floor on the second floor on the second floor on the second floor on the second floor on the second floor on the second floor on the second floor on the second floor on the second floor on the second floor on the second floor on the second floor on the second floor on the second floor on the second floor on the
/home/juneyonglee/Desktop/leejuyong/dacon-scpc/data/stanford_image_paragraph/archive/stanford_img/content/stanford_images/2348732.jpg,a person is walking along the sand on a beach. the person is wearing a black shirt and carrying a yellow surfboard in their hand. there are small waves in the water behind the person. there are small white clouds in the sky above the water. there are green toys on the sand in front of the person. there are green buckets filled with toys.,a person is walking on a beach with a surfboard and a green bag on the sand in front of them on a sunny day with a blue sky above the ocean and a few clouds in the sky above it and a person in the distance is walking towards the ocean with a surfboard in their hands and a yellow surfboard in his hand and a yellow surfboard in his hand is in the sand of the beach and there are two other people in the water in the distance walking towards the water
/home/juneyonglee/Desktop/leejuyong/dacon-scpc/data/stanford_image_paragraph/archive/stanford_img/content/stanford_images/2334615.jpg,there are two zebras in a field of grass. there is a boulder on the ground in front of the zebra. there is a fence surrounding the field.,"two zebras are grazing in a field of green grass in a zoo enclosure on a sunny day, with a stone wall behind them, and a tree trunk in the foreground with a few leaves on it, and a few branches on the other side of the zebras, and a building in the background behind them, with a white roof and a red door on the side of the building, and a white building in the back of the building, and a white building with a red door on"
/home/juneyonglee/Desktop/leejuyong/dacon-scpc/data/stanford_image_paragraph/archive/stanford_img/content/stanford_images/2371276.jpg,a woman is sitting on a bench. the bench is made out of metal. she is wearing a shirt under a dress. her clothes are all pink.,"a woman is standing on a sidewalk looking at a street in a city on a cloudy day, she is wearing a pink dress and a black purse in her hand, and she is holding a blue and white umbrella in her hand and looking at the street that she is walking on in, and a red car is parked on the street in the background on the other side of the street, and a white and blue umbrella is hanging on a metal pole in the grass near the sidewalk in front of her"
/home/juneyonglee/Desktop/leejuyong/dacon-scpc/data/stanford_image_paragraph/archive/stanford_img/content/stanford_images/2384035.jpg,a very small bathroom enclosed in a brick layered room. the toilet and shower both look very small. there is a very thin shower head on the wall. there is a button on the wall for flushing. the carpet is grey and appears to be soft. there seems to be some specs of black either in the pattern or possibly dirt in the carpet. the bricks on the walls are are red and orange in color and are mixed.,a white toilet is sitting on the ground in a bathroom with a shower head and a white rug on the floor in front of it on the floor is a brown brick wall with a silver faucet hanging from the ceiling above it and a silver shower head on the wall above it and a white sink below it on the floor next to the toilet is a white toilet with a white toilet seat and a white toilet seat on the side of it and a white toilet bowl on the floor next to the
/home/juneyonglee/Desktop/leejuyong/dacon-scpc/data/stanford_image_paragraph/archive/stanford_img/content/stanford_images/2357667.jpg,this photo is taken inside of a living room of a home. a brown and black dog is sitting on a red leather couch. a red and white tie is hanging around the dog ' s neck. there is a colorful area rug on the floor. different objects can be seen on top of a brown cabinet behind the dog.,a dog is sitting on a couch with a red tie on it ' s neck and a black nose and black eyes is looking at the camera with a sad look on his face and a black nose and black eyes and black eyes is looking at the camera as he sits on the arm of the couch with a colorful rug on the floor in front of him and a window with a white curtain behind it and a wooden cabinet behind it with a red and white rug on the floor in front of it
/home/juneyonglee/Desktop/leejuyong/dacon-scpc/data/stanford_image_paragraph/archive/stanford_img/content/stanford_images/2357892.jpg,"a woman with dark hair pulled up into a ponytail with a blue scrunchy holding it. she is sitting down and leaning over the back, with her one arm hanging over, she has a watch on. she is wearing a light blue shirt to match her scrunchy. she is turned toward us, smiling. it is a beautiful day, there is a bunch of reddish colored kites high in the sky in the background with the bright blue sky.","a woman is standing outside on a sunny day, looking at the camera with a smile on her face and a bunch of kites flying in the sky above her in the background of the photo, she is wearing a light blue shirt and has a pink and white striped scarf on her shoulder and a pair of sunglasses on her head, and a pair of sunglasses on her head, and a pair of sunglasses on her head, and a pair of sunglasses on her head, and a pair of her hair"
/home/juneyonglee/Desktop/leejuyong/dacon-scpc/data/stanford_image_paragraph/archive/stanford_img/content/stanford_images/2327994.jpg,"a furry cat is sitting on a leather chair. the cat is gray with white fur on her nose down to her chest. the chair is white with buttons on it. the hand rests are brown and made of wood. behind the chair are the curtains, a beige and a red. the cat has white whiskers and her ears are pointed. she is looking fiercely at the camera.",a fluffy cat is sitting on a leather chair in a room with a white curtain behind it and a brown chair cushion on the back of it with a white curtain behind it on the wall behind it and a window behind the chair with a white curtain behind it and a white curtain behind the chair behind the cat with a black shadow on the floor below it and a white curtain behind the chair behind the chair with a white curtain behind it and a black rug under the chair with a black and white rug
/home/juneyonglee/Desktop/leejuyong/dacon-scpc/data/stanford_image_paragraph/archive/stanford_img/content/stanford_images/2386154.jpg,there is a white and blue fire hydrant on the sidewalk. there are people standing next to the street. there is a green sign on a metal pole. there is a colorful flag in front of the hydrant.,a white and blue fire hydrant is sitting on the sidewalk of a city street in front of a white building with a rainbow flag on top of it on top of it on a pole above the street in front of a crowd of people walking on the sidewalk in front of them on a cloudy day
/home/juneyonglee/Desktop/leejuyong/dacon-scpc/data/stanford_image_paragraph/archive/stanford_img/content/stanford_images/2389826.jpg,a man is skating on a skateboard that has two orange and two blue wheels. he is wearing a white helmet and white knee pads. on his hands he has black and red gloves and on his face he has black sunglasses. he is skating around white cones. behind him are some people under a white tent. here are more cones set up behind the skater.,"a man is skateboarding on a skateboard in a parking lot on a sunny day, he is wearing a white helmet, a gray shirt, and green shorts, and a pair of red gloves on his hands, and his arms are stretched out, and his arms are stretched out, and his arms are stretched out, and his arms are stretched out, and his right arm is stretched out, and his left arm is stretched out, and his right arm is stretched out, and his left arm"
/home/juneyonglee/Desktop/leejuyong/dacon-scpc/data/stanford_image_paragraph/archive/stanford_img/content/stanford_images/2348146.jpg,"this is a photo of an airplane wing outside of an airplane window. the airplane window is square with rounded edges, and the wing is pointed and has a small engine. the weather looks nice and clear with some clouds. you can see the ground a little, it is brown and green. the window needs to be cleaned.",a window is open on a plane that is flying in the sky above the clouds and the wing of the plane is white and has a black window on it and a window on the side of it that is open and there is a window on the side of the plane that is looking out at the sky and the ground below it and there are trees and land below it and the sky is blue with white clouds and green grass below it and a few clouds below it and a few clouds below it
/home/juneyonglee/Desktop/leejuyong/dacon-scpc/data/stanford_image_paragraph/archive/stanford_img/content/stanford_images/2322915.jpg,a tennis player is sitting down on the court at a match. other people are standing around him. he is shirtless and is wiping himself with a white towel. his tennis racket is propped up again a folded directors chair that the tennis guy is sitting on. two bottles of water are between his two shoes.,"a man is sitting on a chair holding a towel in his hand and a towel in his hand is wrapped around his chest and he is wearing a green shirt and black shorts with white writing on the sleeves and a blue headband on his head and a white towel wrapped around his arm and a white towel in his hand is sitting on the chair in front of him and a tennis racket is sitting on the chair behind him on the other side of the chair, and a tennis racket is sitting"
/home/juneyonglee/Desktop/leejuyong/dacon-scpc/data/stanford_image_paragraph/archive/stanford_img/content/stanford_images/2382514.jpg,"an old, rusty toilet is seen in a dirty bathroom. there is no water visible in the toilet, and there is a long tube running from the seat into the ground. the gray set cover is upright. a dirty wooden framed window is on the wall next to the toilet. on the wall behind the toilet there is a sign written in russian.",a dirty toilet is in a bathroom with a white wall and a window above it with a brown frame on the top of it and a brown handle on the bottom of the toilet is a metal lid and a metal lid on the toilet bowl and the seat is closed and the lid is closed and the lid is closed and the seat is down and the seat is down and there is a metal pipe running down the wall and there is a metal pipe running down the wall and a brown metal pipe sticking out
/home/juneyonglee/Desktop/leejuyong/dacon-scpc/data/stanford_image_paragraph/archive/stanford_img/content/stanford_images/2393203.jpg,a picture of a cow standing on the side of a lake. the cow is white with brown spots. there is another cow off in the distance on the side of the lake. there is a tall tree trunk on the right of the picture. there is another cow near the tree on the right of the picture. there is green grass and dirt surrounding the lake.,"a white cow is walking along a path near a body of water with a large rock in the background of the photo, and a few other animals are walking along the path near the water, and a large rock is in the water behind the cow, and a few weeds are growing on the shore of the water, and a few trees are in the foreground of the photo, and a few bushes are in the background of the photo, and a few bushes are in the fore, and there"
/home/juneyonglee/Desktop/leejuyong/dacon-scpc/data/stanford_image_paragraph/archive/stanford_img/content/stanford_images/2351068.jpg,in front of big buildings there are a tent color white and red. on front the tent there are green words. a white truck is behind the pole that has headlights on the front. several tan balloons are hold on the poles. on a black pole there is a blue and white sign with a red circle. on the left side of the pole there is a green sign.,"a bunch of people are walking on a street in a city on a sunny day, some of them are holding yellow balloons in the air, some are hanging from a pole, some are standing on the sidewalk, some are standing on the sidewalk, some are standing on the sidewalk, some are standing on the sidewalk, some are standing on the sidewalk, some are on the sidewalk, some are on the sidewalk, some are on the sidewalk, some are on the sidewalk, some are on the sidewalk"
/home/juneyonglee/Desktop/leejuyong/dacon-scpc/data/stanford_image_paragraph/archive/stanford_img/content/stanford_images/2373886.jpg,"a wooden, gray pole is standing beside a red fire hydrant. the hydrant is red with blue cap. across the street is a couple walking at the sidewalk. the woman is wearing a white shirt and carrying black shoulder bag.","a woman is walking down the street on a sunny day in a white tank top and black shorts, and a black and white tennis shoes is walking behind her on the sidewalk in front of a tall black and red fire hydrant on a city street in front of a brick wall, and a tall black and white trash can on the sidewalk in front of her, a tall black trash can with a white sign on it and a tall black trash can with a white sign on it in the corner of"
/home/juneyonglee/Desktop/leejuyong/dacon-scpc/data/stanford_image_paragraph/archive/stanford_img/content/stanford_images/2374459.jpg,slices of pork covered in barbecue sauce are on a toasted onion hoagie bun. there are crispy crusted parts on the bun. the sauce is thick and red and covers the meat and there are diced chives sprinkled on top of the meat. on the left of the sandwich on the plate there is pickle and some bell pepper slaw. in a small bowl in front of the sandwich on the right there is a bowl of baked beans also sprinkled,a white plate is sitting on a table with a dark colored table top and a dark colored table top is visible in the background of this image of a meat sandwich with beans and tomatoes on top of it with a white bowl of chili on the side of the sandwich with a spoon in it and a small white bowl of chili on the side of the sandwich with a green pepper on top of it and a red pepper on the side of the sandwich with a green pepper on top of it
/home/juneyonglee/Desktop/leejuyong/dacon-scpc/data/stanford_image_paragraph/archive/stanford_img/content/stanford_images/2412206.jpg,a giraffe is standing in a field. there is a large log in front of the giraffe. there are large boulders in front of the log. there are trees behind the giraffe.,a giraffe is standing on a grassy field with a tree branch in front of it and eating grass from the ground in front of it on a cloudy day with a blue sky above and a few clouds in the sky above it
/home/juneyonglee/Desktop/leejuyong/dacon-scpc/data/stanford_image_paragraph/archive/stanford_img/content/stanford_images/2387475.jpg,there are posted notes stuck to the table. the notes are in various different colors. there is a pair of scissors on the table as well. the table is made of a light - colored wood.,a bunch of sticky notes are on the table with a pair of scissors on top of them on the table with a pink sticker on the table next to them and a pair of black shoes on the table behind them on the table are a pair of socks and a pair of sneakers on the table behind the scissors on the table with the words on it on the post it and a pink sticker on the table with the words on it in black and white on the top of the post it
/home/juneyonglee/Desktop/leejuyong/dacon-scpc/data/stanford_image_paragraph/archive/stanford_img/content/stanford_images/2323681.jpg,a small airplane is flying above water. there is land next to the water with tall buildings on it. there is small clouds in the sky.,"a plane is flying in the sky above a body of water with a castle on top of it in the distance on a sunny day in the distance, with a small island in the middle of the water, and a small white boat in the water in the distance, and a large building on the other side of the water, and a small white boat in the water in the distance, and a large building on the other side of the water, and a small white boat in the water, and"
/home/juneyonglee/Desktop/leejuyong/dacon-scpc/data/stanford_image_paragraph/archive/stanford_img/content/stanford_images/2326739.jpg,a golden statue has a woman in front of a man. the man is on a horse that is behind the lady. there are 3 olympic symbols on the base of the statues. some school buses are shown in the back. there are trees directly behind the statue.,a statue of a man riding a horse is in the middle of a park on a sunny day with a lot of trees behind it and a blue sky above it and a few clouds in the sky above it
/home/juneyonglee/Desktop/leejuyong/dacon-scpc/data/stanford_image_paragraph/archive/stanford_img/content/stanford_images/2402573.jpg,"the ground is composed of brick. the brick is unevenly place on the ground. there is iron fence sitting on concrete. there is a section with dirt with a tree. the bench is between the fence and tree. the bench is made of wood with iron feet and hand rails. the photo is in sepia color, but there is a bright blue book sitting on bench.","a wooden bench is sitting on a brick sidewalk in a park or a park in a city area of a city, with a black metal fence surrounding it and a tree in the background of the bench, casting a shadow on the ground of the bench, and a shadow of a tree casting a shadow on the bench, casting a shadow of a tree across the street from the bench, which is a black fence, and a black iron fence, and a tree trunk in the background of the bench"
/home/juneyonglee/Desktop/leejuyong/dacon-scpc/data/stanford_image_paragraph/archive/stanford_img/content/stanford_images/2374739.jpg,a horse is running on the beach. the horse is dark brown in color. the rider is wearing all yellow. the hat is white in color.,"a man is riding a horse on the beach on a sunny day, with a yellow shirt and a black hat on, and a brown dog on a leash walking along the sand of the beach in front of him, a blue ocean is in the background, and a few clouds are in the sky above the ocean, and the sky is blue with a few white clouds in the sky, and the water is calm and blue with a few waves in the water, and the sand is brown and wet"
/home/juneyonglee/Desktop/leejuyong/dacon-scpc/data/stanford_image_paragraph/archive/stanford_img/content/stanford_images/2373691.jpg,there are sheep and goats in a fence. the fence is brown and is behind the animals. there is a green tub on the ground behind them.,there are sheep standing up in a pen and some goats are standing up in the pen and some sheep are standing up in the pen and some goats are standing up in the pen and some goats are standing up in the pen and some goats are standing up and some goats are standing up and some goats are standing up and some goats are standing up and some are laying down and some are laying down and some are laying down and some are laying down on the ground and some are laying down on the ground
/home/juneyonglee/Desktop/leejuyong/dacon-scpc/data/stanford_image_paragraph/archive/stanford_img/content/stanford_images/2319086.jpg,a woman in the bathroom is taking a selfie. she is holding a silver camera. on the sink are piles of rolled towels in a triangular pattern. the sink is patterned. on the ceiling is a small chandelier.,"a woman is taking a picture of herself in a mirror in a hotel room of a hotel with a chandelier hanging from the ceiling and a chandelier hanging from the ceiling above the mirror and a bunch of white towels stacked on top of the sink basin and a bunch of folded towels on top of the sink basin are visible in the mirror of the room, which is reflected in the mirror of the bathroom and the vanity area is visible in the mirror of the room with the woman in the"
/home/juneyonglee/Desktop/leejuyong/dacon-scpc/data/stanford_image_paragraph/archive/stanford_img/content/stanford_images/2327654.jpg,"a white cup of tea with a tea bag inside sits on a saucer with a spoon on it. beside the saucer there is a small container of cream, and a pair of silver over sized sunglasses. next tot eh glasses there is a black flip phone. closest to the camera there is a black leather portfolio open with pages of paper clipped inside.",a cup of tea is sitting on a saucer on a table with a clipboard and a clipboard on the table in front of it on the table is a clipboard with a pen on it and a cup of tea on the saucer on the table next to it is a clipboard with a notepad on it and a cup of tea in it on the saucer with a spoon and a spoon on it and a cup of milk in a cup with a spoon on the side of
/home/juneyonglee/Desktop/leejuyong/dacon-scpc/data/stanford_image_paragraph/archive/stanford_img/content/stanford_images/2399204.jpg,the giraffe is looking directly in the camera. the ears of the giraffe a white and black inside. the nose and mouth of the giraffe are brown. the giraffe has big black eyes. there are two horns on the giraffe ' s head. the horns are very short. there is one horn in the middle of the other two horns. the nostrils on the giraffe are very small. the giraffe ' s neck is very long,a giraffe is looking at the camera with a very big smile on his face and his ears are very long and his eyes are very big and his ears are very long and his ears are very long and his ears are very long and his ears are very long and his ears are very long and his ears are very long and his ears are very long and his ears are very long and his ears are very long and his ears are very long and his ears are very long and his ears are
/home/juneyonglee/Desktop/leejuyong/dacon-scpc/data/stanford_image_paragraph/archive/stanford_img/content/stanford_images/2344886.jpg,the clouds in the sky are white. the sky is blue. the building is brown. part of the building is really tall. there are windows on the brown building. there is a tall light pole in the image. there are vans parked that are white near the building. there is a clock on the building. the windows are clear on the building.,a large brown brick building with a clock tower on the top of it and a green top on the top of it and a white van parked in front of it on a street in front of it on a sunny day with a blue sky above it and a few clouds in the sky above it
/home/juneyonglee/Desktop/leejuyong/dacon-scpc/data/stanford_image_paragraph/archive/stanford_img/content/stanford_images/2401241.jpg,a black bear stands in the forest. the bear is standing by a tree. one leg is on the other side of a fence. there is a lot of grass on the ground. there are a lot of leaves on the ground. some of the grass is yellow. there is a tree by the bear. the bear has big ears. there is a short wooden fence by the bear. the bear is standing up.,"a large black bear is standing on the ground in a wooded area of a forest of green grass and brown leaves on the ground, and a tree trunk is in the foreground of the photo, and a small wooden box is in the foreground of the image, and a large tree trunk is in the foreground of the photo, and a large pile of leaves is in the background of the bear, and a pile of dead leaves, and a pile of dead leaves, on the ground in"
/home/juneyonglee/Desktop/leejuyong/dacon-scpc/data/stanford_image_paragraph/archive/stanford_img/content/stanford_images/2402141.jpg,the bamboo shades are drawn over the windows in this kitchen. there are also red curtains hanging over the shades. a four - burner stove is on the left. a mini - refrigerator is on the right in front of the windows. a guitar is propped up behind it. a plastic trash bin is also in front of the window. there is a black and white striped area rug on the wooden floor.,a kitchen with a stove top oven and a white refrigerator on the wall in the kitchen of a home with a red curtain hanging from the window above it on the wall above the stove is a black and white rug on the floor in front of the stove and a black and white rug on the floor in front of the stove and a black and white rug on the floor in front of the stove and a black and white rug on the floor in front of the stove and a black and white rug on
/home/juneyonglee/Desktop/leejuyong/dacon-scpc/data/stanford_image_paragraph/archive/stanford_img/content/stanford_images/2385757.jpg,the dog is looking up with its eyes squinted. the dog is brown and black. the dog has a red collar around its neck. the dog is sitting in a pile of rocks.,"a dog is laying on the ground with a pair of shoes in front of it on the ground, and a shoe in front of it on the ground is a pile of rocks and rocks on the ground there is a dog wearing a red collar and a red collar on his neck and a red collar on his neck and a red collar on his neck and a red collar on his neck and a red collar on his neck and a red collar on his neck and a red collar on his neck and a"
/home/juneyonglee/Desktop/leejuyong/dacon-scpc/data/stanford_image_paragraph/archive/stanford_img/content/stanford_images/2404547.jpg,some cars are proceeding through traffic in an intersection. the cars going away from the camera don ' t have a stop light or anything. there are some cars going towards the west.,a silver car is parked on the street in front of a tall pole on a sunny day with a yellow traffic light hanging from it ' s pole on the pole above it and a man in a black suit is walking across the street on the sidewalk in front of the car on the right of the pole is a red car on the left side of the street and a white car on the right side of the street on the left side of the street on the left side of the street is a row
/home/juneyonglee/Desktop/leejuyong/dacon-scpc/data/stanford_image_paragraph/archive/stanford_img/content/stanford_images/2316275.jpg,the office has two monitors. the monitors have a picture of a baby on it. the keyboard is under the screens. there is also a black mouse. there is no office chair. there are a lot of pictures on the wall.,a desk is empty of people and has two monitors on it and a keyboard on it and a mouse on the desk in front of them on the desk is a picture of a baby on the monitor and a picture of a baby on the monitor in the monitor of the monitor and a cell phone in front of the monitor and a computer mouse on the desk in front of the monitor is a black computer mouse pad and a black mouse pad on the desk in front of the monitor is a black computer mouse
/home/juneyonglee/Desktop/leejuyong/dacon-scpc/data/stanford_image_paragraph/archive/stanford_img/content/stanford_images/2351166.jpg,"a small water fowl is perched upon a small stone. a babbling brook runs through here. dead and live brush mix to create a peaceful, wooden scene. the bird holds its wings up and cranes its next. in the left side of the image, a stone slab juts out from the brush. the water ripples at the edge of the stony brook.","a bird is standing on a rock in a river that is surrounded by tall grass and weeds on the shore of a river in a park of green grass and brown rocks on the shore of the river, and a large gray bird with a long neck and long legs is standing on the rocks in the water, looking at the camera and the water is rushing down the rocks and the bird is looking at the camera and the bird is looking at the camera and the bird is looking at the water with its"
/home/juneyonglee/Desktop/leejuyong/dacon-scpc/data/stanford_image_paragraph/archive/stanford_img/content/stanford_images/2409078.jpg,a man is riding a bike. the bike is riding on grey gravel road. the man is riding toward a short gate. the gate is yellow and has a stop sign on it. the man is wearing a white long sleeve shirt. he is wearing black shorts. parked on the outside of the fence is a red suv. across from the rider is a covered picnic area. under there covered area are several picnic tables. the man is riding toward the gated sign.,a man is riding a bike on a dirt road in a park on a sunny day in a garage area with a stop sign on the gate in the background on the right side of the road is a red car parked on the left side of the driveway on the left side of the driveway on the left side of the driveway is a large garage with a black garage door and a large garage with a black door on the left side of the garage door on the left side of the garage door is a
/home/juneyonglee/Desktop/leejuyong/dacon-scpc/data/stanford_image_paragraph/archive/stanford_img/content/stanford_images/2408734.jpg,there are two cows standing next to each other. one of the cows is white with long horns. the other cow is brown. there is a tall brick building on the side of the cows. there is a paved road underneath the cows. there is a person in a dark colored outfit on the street. there is a person in pink near the cattle.,"two cows are walking down a street in a small town of india, one of the cows is white and the other is brown and the other is a light brown color, and the other cow is a light brown color, and the other cow is a light brown color, and the other cow is a light brown color, and the other cow is a light brown color, and the other cow is a light brown, and the other cow is a light brown, and the other cow is a light"
/home/juneyonglee/Desktop/leejuyong/dacon-scpc/data/stanford_image_paragraph/archive/stanford_img/content/stanford_images/2353966.jpg,there are several white birds that are swimming in the water. on the shore behind the water is several trees. there is a brown and white cow standing next to the water.,"there are many white swans in the water of the river on a sunny day, and a brown cow is standing on the bank of the river, and a brown cow is standing on the bank of the river, and a brown cow is standing on the bank of the river, and a brown cow is standing on the bank of the river, and a brown cow is standing on the bank of the river, and a brown cow is standing on the bank of the river, and a brown cow is"
/home/juneyonglee/Desktop/leejuyong/dacon-scpc/data/stanford_image_paragraph/archive/stanford_img/content/stanford_images/2322190.jpg,the waiters in the restaurant are talking to the chefs. the chef ' s kitchen looks clean. there are three chefs in the kitchen. there are two waiters waiting for food. there are plates of food on the counter waiting to be given to the people who ordered it. the counter is made of metal. there is a toaster to the right of the counter.,"two men are standing in a kitchen looking at a tablet computer that is sitting on a counter in front of them on a white tiled wall in a restaurant kitchen, while another man is standing behind him looking at a pizza on a plate on the counter in front of him, and another man in a white shirt is standing behind him in the kitchen behind him, and another man in a blue hat is standing behind him in the kitchen behind him, and another man in a white shirt is standing behind him"
/home/juneyonglee/Desktop/leejuyong/dacon-scpc/data/stanford_image_paragraph/archive/stanford_img/content/stanford_images/2403361.jpg,a woman jumps up so she can hit a tennis ball. she is holding a tennis racket in her hand. she is wearing a white dress with shorts. she has white sneakers on. her hair is in a ponytail. there is a referee sitting and watching the game. there are people watching the woman play. the wall has logos on it from sponsors. the woman is wearing a sunvisor.,a woman is jumping in the air with a tennis racket in her hand and a tennis ball in her hand in the air in front of her on a tennis court with a blue wall behind her and a man sitting on a chair watching the game of the tennis match on the court in front of them with a crowd of people sitting in the stands watching the game on the side of the court and watching the game on the court with the racket in the air and the ball in the air flying
/home/juneyonglee/Desktop/leejuyong/dacon-scpc/data/stanford_image_paragraph/archive/stanford_img/content/stanford_images/2403059.jpg,"a personal sized pizza is seen on a round white plate that is sitting on a white and red checkered tabled cloth. the pizza appears to have vegetables and cheese on it. the edges of the crust are a bit burned and are a bit black. the person sitting at the table has already cut, and eaten a bit of the pizza. the persons hands are partially visible and they are holding a fork and a knife in each one.","a person is holding a fork and a plate of food on a table in a sunny day on a sunny day, with a pink and white checkered tablecloth on the table cloth, as well as a pink and white tablecloth, and a pink and white tablecloth on the table cloth, and a pizza with melted cheese and vegetables on it, with a large amount of melted cheese on top, and a few small chunks of pepper on the crust, and a few olives on top,"
/home/juneyonglee/Desktop/leejuyong/dacon-scpc/data/stanford_image_paragraph/archive/stanford_img/content/stanford_images/2365287.jpg,a man is catching a frisbee. he is going in from under his leg. he isn ' t wearing a shirt. his shorts are actually swimming shorts. the frisbee is white in color. the frisbee is in mid air.,a man is standing on a beach with his arms outstretched out and his legs are bent down and his legs are bent down and his shirt is black and his shorts are white and his shorts are blue and his shoes are white and his shoes are black and his shoes are white and his shoes are black and his shoes are white and his shoes are black and his shoes are white and his shoes are black and his shoes are white and his shoes are black and his shoes are black and his feet are black
/home/juneyonglee/Desktop/leejuyong/dacon-scpc/data/stanford_image_paragraph/archive/stanford_img/content/stanford_images/2353040.jpg,"two women are in a kitchen. the woman on the left is wearing a red sweater, while the woman on the right is wearing a pink shirt with a gray vest. one of the women is taking food out of the oven. there are pans with food in them on top of the stove. dishes and cooking ingredients sit on the counter top near the stove.","two women are cooking in a kitchen in a home kitchen on a black stove top with a black oven on top of it and a black tray with food inside of it is holding a white cloth in one hand and a white towel in another hand in the other hand, as well as a white towel in a pink shirt and a pink shirt, and a red and white shirt, and a red bowl of food are on the counter in front of the woman in the kitchen, and a white cabinet with"
/home/juneyonglee/Desktop/leejuyong/dacon-scpc/data/stanford_image_paragraph/archive/stanford_img/content/stanford_images/2390211.jpg,"one woman wearing blue denim jeans and a black and white polka dot shirt is sitting on a leather covered long bench. her hair is up and she ' s wearing safety glasses. she is watching another woman in black pants and a light blue shirt working with a pole or length of wood. they appear to be inside a workshop, and are cutting and designing something. the wall is metal, and there are black shelves against the walls. there are large sticks resting against the far wall.","two women are sitting on a bench in a room of glass making and glass blowing equipment are on display in the glass blowing studio of glass blowing studio in a building in the background, one of the women is wearing a blue shirt and jeans and the other is wearing a black shirt and jeans with a black belt on her waist and a black belt on her waist, and a black belt on her waist, and a black belt on her waist, and a black belt on her waist, and a black"
/home/juneyonglee/Desktop/leejuyong/dacon-scpc/data/stanford_image_paragraph/archive/stanford_img/content/stanford_images/2316544.jpg,this photo takes place outside on a field. a lot of people are standing behind a long fence looking at a small elephant that is walking on the grassy field in front of them. some of the people are touching the elephant. broken down buildings can be seen sitting on the grassy fields. two of the buildings has red covered roofs on them. trees stand in the background of the buildings.,"a group of people are standing behind a fence looking at an elephant in a field of grass and trees on a foggy day in a zoo, a few people are standing on the fence looking at the elephant and watching the elephant, and a man in a tan jacket is standing in the distance looking at the elephant with his head down and his right hand on his hip, and his right hand resting on his hip, and his left hand resting on his hip, his right hand resting on his hip"
/home/juneyonglee/Desktop/leejuyong/dacon-scpc/data/stanford_image_paragraph/archive/stanford_img/content/stanford_images/2362536.jpg,"this photo is taken inside of a home. a white thermostat is hanging on a wall above a light switch. a brown door is next to the wall, leading into a bathroom. lights can be seen above a mirror in the bathroom. a textured wall is surrounding the mirror. different items can be seen sitting on the sink counter top. the cabinets under the counter top are dark in color.",a door is open in a bathroom with a white light on the wall above it and a white light on the wall above it and a white light switch on the wall above it on the wall above the door is a picture hanging on the wall above the door is a picture of a bathroom with a white towel dispenser on the wall above the mirror and a white towel dispenser on the wall above the sink on the wall is a white towel dispenser on the wall
/home/juneyonglee/Desktop/leejuyong/dacon-scpc/data/stanford_image_paragraph/archive/stanford_img/content/stanford_images/2382141.jpg,there is a white plate on top of a table. there is a pizza on top of the plate. there is a brown crust with lots of vegetables on top of it. there is chopped up onions and parsley. there is a sauce drizzled on top of the vegetables. there are sliced green zucchini on top of the pizza. the table under the plate is brown.,"a pizza is on a white plate on a table in a restaurant or a restaurant or a restaurant kitchen, with a wooden table in the background, as well as a white tablecloth, and a white napkin on the table, with a white napkin underneath it, and a white napkin underneath it, with a black stripe on it, and a white napkin underneath it, with a black stripe on it, and a white napkin underneath it, with a white napkin underneath it, and a white napkin under"
/home/juneyonglee/Desktop/leejuyong/dacon-scpc/data/stanford_image_paragraph/archive/stanford_img/content/stanford_images/2394057.jpg,"a bed sits inside a bedroom. the sheets are white, and there are white pillowcases on two pillows at the head of the bed. the comforter on the bed is blue, beige, and red striped. two electric lights are attached to the wall above the white headboard. there are two white nightstands ; one on each side of the bed, and a cell phone sits on top of the covers on the bed. there is an empty plastic sack sitting on the nightstand to",a bed with a striped blanket on it is in a room with a white wall and a lamp on the side of it on the floor in front of it on the wall is a lamp with a round light on it and a black remote control on the side of the bed on the floor in front of the lamp is a white lamp with a round light on top of it and a black plastic bag on the floor in front of the lamp on the floor in front of the bed with a white wall
/home/juneyonglee/Desktop/leejuyong/dacon-scpc/data/stanford_image_paragraph/archive/stanford_img/content/stanford_images/2386031.jpg,"a small white long - haired dog is standing on a red brick patio. he is very dirty and his face is wet, he is also biting on or is wearing around his neck a silver circular ring similar to a handcuff ring, that has a few metal small objects dangling from it. the dog is standing next to a dirty and cracked beige flower pot that is taller than the dog. the pot is sitting inside a white wrought iron plant stand.","a small dog is standing on a brick patio near a large pot of dirt and weeds on the ground in front of it, looking at the camera, and a white chair behind it with a white chair behind it and a plant in the background on the ground, and a white chair behind the dog, and a white chair behind the dog, and a white chair with a white chair behind it and a white chair behind the dog and a large pot of dirt on the ground with a green plant in"
/home/juneyonglee/Desktop/leejuyong/dacon-scpc/data/stanford_image_paragraph/archive/stanford_img/content/stanford_images/2367715.jpg,this picture is taken inside of a bathroom. a white shower curtain is hanging over a white bath tub. a white rug is sitting on the floor in front of the tub. there is a white toilet sitting sitting against a wall in front of the rug. part of a picture frame is hanging above a toilet. there are white towels sitting on a rack that is hanging on a wall above the sink counter top.,a white toilet is sitting in a bathroom next to a white shower curtain on a wall in a bathroom with a black counter top and a white towel hanging on a rack above it on the wall above a picture hanging on the wall above a white towel rack above a black counter top with a white towel hanging on it above a white towel rack above a black counter top with a white towel hanging on it above a black counter top with a white towel rack hanging on it above a black counter top with a
/home/juneyonglee/Desktop/leejuyong/dacon-scpc/data/stanford_image_paragraph/archive/stanford_img/content/stanford_images/2416119.jpg,two snowboarders are sitting down. they each have boards next to them. they are each wearing snowboarding gear. one of theme has a white hat. they are wearing big pants.,"two snowboarders are sitting against a brick wall in front of a brick wall with a black and white checkered pattern on it, one of the two is wearing a green hat and the other is wearing a black and white checkered scarf and a green and white helmet and goggles on their heads, both are sitting on the ground and holding their snowboards in their hands, both are wearing skis and skis on their feet, both are wearing skis and snow pants on their feet"
/home/juneyonglee/Desktop/leejuyong/dacon-scpc/data/stanford_image_paragraph/archive/stanford_img/content/stanford_images/2382916.jpg,there is a glass vase sitting on top of a wooden table. there is water in the vase with green leaves. there are flowers that are stuck in the vase. the flowers are colorful and have petals on them. there is a yellow flower next to a pink flower in the vase. there is a window on the wall behind the table.,a vase of flowers is sitting on a table in a room with a white wall behind it and a window behind it with sunlight coming in from the windows on the far wall of the room and a black cat sitting on the far wall behind the flowers in the room of the vase of flowers is reflecting off of the table in the sunlight on the table in front of the flowers is a green plant with green leaves and a few yellow flowers in the vase of the flowers
/home/juneyonglee/Desktop/leejuyong/dacon-scpc/data/stanford_image_paragraph/archive/stanford_img/content/stanford_images/2339403.jpg,"the young, asian man and young asian woman are sitting around an rectangular table with a glass top. the woman is sitting at the far end of the table and is sitting in a high - back, wooden chair. the man is sitting to the woman ' s left and is also sitting in a high - back, wooden chair. an empty, wooden chair is to the left of the man. the table holds two dishes, side by side, of fruit, and the dishes of fruit are","a man and woman are sitting at a table in a room on a sunny day, preparing food for a meal in a wicker basket on the table, and a cat is sitting on the table in front of them, and a cat is standing on the table next to them, and looking at the food in the basket that they are sitting on the table in front of them, and a cat tree in the corner of the room behind them, a cat scratching on the table, and a cat"
/home/juneyonglee/Desktop/leejuyong/dacon-scpc/data/stanford_image_paragraph/archive/stanford_img/content/stanford_images/2378674.jpg,"a baseball player is walking on a baseball field. he is wearing a blue helmet, gray gloves and a blue and gray uniform. the player is holding a black and brown bat in his hand. another man is standing beside him wearing a black face mask, and an orange and white uniform. people can be seen in the stands behind the two men.","two baseball players are standing on a baseball field on a sunny day, one is wearing a blue and white uniform, the other is wearing a black and white uniform, and the other is wearing a black and white uniform, and a blue helmet, and a black and white glove on his hands, both holding a baseball bat in their hands, both of them are wearing gloves on their hands, and the other hand is holding a baseball bat in their other hand, both of them are wearing gloves on"
/home/juneyonglee/Desktop/leejuyong/dacon-scpc/data/stanford_image_paragraph/archive/stanford_img/content/stanford_images/2391059.jpg,a woman in a white shirt is standing next to a statue. the statue is colorful and is of a cake. there is a yellow umbrella behind the woman.,"a woman is standing outside on a sunny day with her arms in the air and her right hand in the air, she is holding a blue plastic cup in her right hand and a blue plastic bag in her left hand as she stands in front of a large cake with a heart on top of it and a flower design on the top of it with a yellow heart on top and a blue ribbon around the bottom of it and a blue bag in the other hand in front of her, a white building"
/home/juneyonglee/Desktop/leejuyong/dacon-scpc/data/stanford_image_paragraph/archive/stanford_img/content/stanford_images/2416018.jpg,a decorative clock is hanging off a building. there is a white statue on the top of the clock. the numbers on the clock are black. there is a face statue hanging from the other side of the clock.,"a clock is on a metal pole with a statue on top of it in the sky of a city of paris, france, on a sunny day, with a blue sky behind it and a blue sky above it, with a few clouds in the sky, and a blue sky above it, with a few clouds in the sky, and a blue sky above it, the clock has roman numerals on the face and a black base with a gold trim around the edges and a black base with"
/home/juneyonglee/Desktop/leejuyong/dacon-scpc/data/stanford_image_paragraph/archive/stanford_img/content/stanford_images/2381133.jpg,a woman walks down the sidewalk. the woman wears a red dress. the woman wears black leather heels. the woman is carrying a black leather purse. the woman is holding a little package. the woman is standing by a brown door. the day is sunny. the woman has her hair in a ponytail. the woman is looking down. the woman is alone.,a woman is walking on a sidewalk in a red dress with a black purse on her shoulder and a black purse on her shoulder with a black strap on the bottom of it and a black purse on her shoulder with a black strap on the bottom of it and a black purse on the bottom of the shoulder of the dress and a black purse on the bottom of the shoulder of the dress and a black purse on the bottom of the shoulder of the dress and a black purse on the shoulder of the shoulder
/home/juneyonglee/Desktop/leejuyong/dacon-scpc/data/stanford_image_paragraph/archive/stanford_img/content/stanford_images/2396122.jpg,there is man sitting at a desk. there is a black keyboard and a mouse with a red ball on top of it. there is a clock on the wall next to the desk. the man is holding a piece of pizza in his hand and is taking a bite out of it. there is a bottle on the desk next to the keyboard. there are many signs hanging on the wall around the clock.,a man is sitting at a table eating a slice of pizza with his left hand and a glass of water in front of him on the keyboard of the laptop on which he is holding is a red ball and a black mouse pad on the keyboard of the laptop on which he is holding is a red and white mouse pad with a black handle and a black handle on the keyboard of the laptop and a black mouse pad with a red ball on it and a black mouse pad with a red ball on the
/home/juneyonglee/Desktop/leejuyong/dacon-scpc/data/stanford_image_paragraph/archive/stanford_img/content/stanford_images/2364206.jpg,"a woman is sitting at a table. she is wearing a red jacket. on the table in front of her is a white bowl, a white mug and a glass. there is a black bag on the table in front of her.","a woman is sitting at a table in a park on a sunny day, she is wearing a red jacket and she has a red shirt on and a white shirt with a black zipper on the front of it and a black bag on the back of it on the table in front of her on the table is a white bowl of orange juice and a white mug with a spoon in it and a black bag on the table behind her on the table is a white building with a metal roof and a small"
/home/juneyonglee/Desktop/leejuyong/dacon-scpc/data/stanford_image_paragraph/archive/stanford_img/content/stanford_images/2409288.jpg,a person sitting on top of a motorcycle is parked next to a restaurant sign. there is a person standing behind the motorcycle. there is a car parked in a stall behind them.,a car is parked on the street in front of a gas station with a motorcycle parked on the side of it in front of it and a man on the back of it wearing a helmet and a black shirt and black pants is standing in front of the motorcycle with a blue bag on the back of it and a black car behind him with a red helmet on the back of it and a black car behind it with a white canopy on the roof of it and a yellow sign on the top of the
/home/juneyonglee/Desktop/leejuyong/dacon-scpc/data/stanford_image_paragraph/archive/stanford_img/content/stanford_images/2396677.jpg,a group of small children is sitting at a long table. it appears to be a class party. the table is covered with green and there are blue paper plates. a slice of pizza is on each plate. there are rainbow napkins. the children are sitting on a purple mat that is on the floor. several adults are sitting or standing nearby and watching. one woman in a green shirt is taking photos.,"a group of children sit on the floor in a room of a school with a purple mat on the floor, and a man in a black jacket and jeans kneels is kneeling on the floor with a child in front of them on the floor, and a woman in a black shirt and jeans kneels with a black jacket on, and a black backpack on her shoulder, and a pair of shoes is on the floor in front of them, and a mirror is reflecting the floor of the room,"
/home/juneyonglee/Desktop/leejuyong/dacon-scpc/data/stanford_image_paragraph/archive/stanford_img/content/stanford_images/2356271.jpg,"four people are on a tennis court playing tennis. two of the players are wearing white shirts and black shorts, the other two are wearing white shirts and orange shorts. the court is green and the walls of the court are red.",four men are playing tennis on a tennis court on a sunny day in a stadium with a red wall behind them and a black net in front of them on the court is a white net with white lines on it and a black net in front of it is a black net with white lines on it and a black net with white lines on it and a black net with white lines on it and a black net with white lines on it and a black net with white lines on it and a black net
/home/juneyonglee/Desktop/leejuyong/dacon-scpc/data/stanford_image_paragraph/archive/stanford_img/content/stanford_images/2366511.jpg,"people are visiting a zoo. they are dressed in summer clothing, including flip flops, shorts and short sleeves. some trees are bare and others are rich with green leaves. a giraffe is leaning over the fence, eyes closed. behind the giraffe, other giraffe legs and tails are visible. the zoo walkways are littered with yellow leaves.",a group of people are standing around a fence looking at a giraffe in a zoo enclosure on a sunny day
/home/juneyonglee/Desktop/leejuyong/dacon-scpc/data/stanford_image_paragraph/archive/stanford_img/content/stanford_images/982.jpg,there are people walking on the sidewalk. there is a large building next to the sidewalk. there is a black dog walking on the sidewalk. there are flags in front of the dog.,"a group of people are walking down a sidewalk in a city on a sunny day, one of the people is walking a dog, and the other is walking a dog on a leash in front of them, and the dog is walking towards the camera with its mouth open, and it is looking towards the camera, and the sun is shining brightly on the street, and the people are walking on the sidewalk, and the people are walking on the sidewalk, and the people are walking on the sidewalk,"
/home/juneyonglee/Desktop/leejuyong/dacon-scpc/data/stanford_image_paragraph/archive/stanford_img/content/stanford_images/2401242.jpg,there are suitcases on a table. the suitcase on top is smaller and brown. there is a darker brown suitcase in the middle. on the bottom of the pile is a large light brown suitcase.,"a brown suitcase is sitting on top of a shelf in a room with white blinds behind it on the wall of the room, a red rose is sitting on top of the suitcase, and a black strap is hanging from the handle of the suitcase on the top of the suitcase on the bottom of the shelf, and a black strap is hanging from the handle of the suitcase on the bottom of the suitcase on the bottom of the suitcase is a white wall behind the suitcase, and a white wall behind the"
/home/juneyonglee/Desktop/leejuyong/dacon-scpc/data/stanford_image_paragraph/archive/stanford_img/content/stanford_images/1159644.jpg,there is a large colorful building next to a street. there are many windows on the front and the side of the building. there are small trees in front of the building with yellow leaves on it. there are many cars parked on the street in front of the building. there is a truck that is purple and has orange flames painted on the side of it.,"a truck with flames painted on it is parked on the side of a street in front of a building on a sunny day in the city of seattle, washington, usa, is a city with a variety of buildings and apartments on the opposite side of the street, and a few cars parked on the street in front of the building on the same side of the same street as the other one on the street in the same direction, and a few cars on the same street in the same direction, are"
/home/juneyonglee/Desktop/leejuyong/dacon-scpc/data/stanford_image_paragraph/archive/stanford_img/content/stanford_images/2344467.jpg,"the image shows of two statutes surfing on the water. there are lights under the water that gives a blue green effect. the statues are disfigured and don ' t have faces. the pool is surrounded by stone fences. beyond the fence is a big body of water, and farther down the water are buildings illuminated by lights.","a statue of two men is in the water on a surfboard in a city at night, the man is on a surfboard, and the other man is on a surfboard on a surfboard on a surfboard on a bridge in the background of the image, there are buildings in the distance and the sky is dark blue with a few clouds in the sky above the city, and the sun is shining on the water, and the water is reflecting off of the statue of the man on"
/home/juneyonglee/Desktop/leejuyong/dacon-scpc/data/stanford_image_paragraph/archive/stanford_img/content/stanford_images/2375753.jpg,a man is taking a picture of a woman. he is wearing a black leather hat and black leather jacket. his shirt is also black. in one hand is a camera in the other is a coffee cup. the woman is older with short brown hair and is wearing a black jacket.,"a man is standing outside on a sunny day, holding a white and orange cell phone in his hand and looking at another man who is wearing a black suit and a black hat, and holding a white cup of coffee in his hand, and a orange towel in his hand, and a black wallet in his other hand, is standing in front of a building on a sidewalk in front of the man, and another woman is standing in front of the man looking at the man in the mirror and talking"
/home/juneyonglee/Desktop/leejuyong/dacon-scpc/data/stanford_image_paragraph/archive/stanford_img/content/stanford_images/2353332.jpg,two big umbrellas are on front of the ocean. many riples can be seen in the body of water. the canopy of umbrellas are color yellow. two wooden chairs are on side of one umbrella. on back of the ocean there is a small hill covered with trees. buildings and homes are in a row on the shore. the sand on the beach is white.,two wooden chairs are on the beach with yellow umbrellas on the beach in the background of the ocean on a cloudy day
/home/juneyonglee/Desktop/leejuyong/dacon-scpc/data/stanford_image_paragraph/archive/stanford_img/content/stanford_images/2390439.jpg,this is an image of a road. the road is empty except a motorcycle. the motorcycle is yellow and black. the man has a helmet on. the helmet is white. the man is casting a shadow. the road is gray. there are yellow lines in the road. the lines are double. the grass beside the road is tall. the grass is dry and brown and green.,a motorcycle is parked on the side of the road in a field of grass and grass on the other side of the road is a large grassy field with a white barn on the far side of the road and a large wooden pole with a yellow sign on it on the side of the road on the right of the road is a large grassy field with a large hill in the distance with a large white building on the far side of the road and a large wooden pole with a yellow sign on it that
/home/juneyonglee/Desktop/leejuyong/dacon-scpc/data/stanford_image_paragraph/archive/stanford_img/content/stanford_images/2337106.jpg,"this is a bedroom scene taken from the perspective of someone lying in bed. the lower halves of two people can be seen on a pink bed with a flower pattern. one is wearing blue pajamas with white stripes, the other is wearing white pajamas with flowers. the room is dimly lit by two lamps on either side of the room. the walls are white but cluttered with wooden trim, small decorative paintings, windows and doors.",a person is laying on a couch with their feet up on the couch in a room with a lamp on the wall above them and a picture hanging on the wall above the couch with a picture frame on the wall above it and a picture hanging on the wall above the couch with a picture frame on the wall above it and a lamp above the couch with a blue shirt on it and a blue and white striped shirt on it on the couch with a blue and white blanket on it and a blue and
/home/juneyonglee/Desktop/leejuyong/dacon-scpc/data/stanford_image_paragraph/archive/stanford_img/content/stanford_images/2362642.jpg,"a blue teddy bear with angel wings, in a room with where the walls are white. the blue bear is sitting on a brown table cloth. in between the bears legs is a crystal snow ball with a white horse inside. the crystal ball is clear, the bear has purple flowers on its mane and the ball sits on a gold foundation. to the right of the bears right foot there ' s a remote control for the television. there ' s a window that ' s covered with white blinds","a blue teddy bear is sitting on a bed with a snow globe in its paws on top of it, and the teddy bear is looking at the camera with a smile on his face and a black nose and nose, and a black nose, and a black nose, and a black nose, and a black nose, and a black nose, and a black nose, and a black nose, and a black nose, and a black nose, and a black nose, and a black nose, and"
/home/juneyonglee/Desktop/leejuyong/dacon-scpc/data/stanford_image_paragraph/archive/stanford_img/content/stanford_images/2346985.jpg,"a man on a motorcycle races down a race track. the motorcycle rider is wearing a red, white and blue helmet. there are black tires on the motorcycle. there is a white line around the race track. there is a field of green grass behind the motorcycle rider. there is an orange and white sign behind the motorcycle rider. there is metal scaffolding behind the motorcycle rider.","a man is riding a motorcycle on a track on a sunny day in a race track, with a shadow of the rider on the track, and a shadow of the rider on the track, and a sign in the background that says hhl on it in white and red on the front of the rider, and the number 8 on the back of the bike, and the number 8 on the front of the bike, is the number 11 on the side of the bike, and the number 11 on"
/home/juneyonglee/Desktop/leejuyong/dacon-scpc/data/stanford_image_paragraph/archive/stanford_img/content/stanford_images/2374859.jpg,"this picture is taken outside on a sunny day. part of a glass table can be seen in the photo. there is a black camera, sunglasses, a glass dish and a brown cutting board sitting on top of the table. vegetables are cut up on top of the cutting board. a jar is sitting beside the vegetables with a piece of silverware in it. part of two wicker chairs can be seen in front of the table. green leaves and branches can be seen in between the chairs",a wooden cutting board is sitting on a table with a glass of wine on top of it and a bunch of vegetables on it in a bowl on top of it and a pair of sunglasses on the table behind it on a camera and a pair of sunglasses are sitting on the table behind the cutting board on the table in front of the camera and a palm tree in the background of the table with a glass of wine on top of it and a pair of sunglasses on the table in front of the table
/home/juneyonglee/Desktop/leejuyong/dacon-scpc/data/stanford_image_paragraph/archive/stanford_img/content/stanford_images/2365521.jpg,"two solitary people are slowly skiing down a snow covered hill, on a sunny day. evergreen trees line the sides of the ski path. the trees also have snow on them. the person in the foreground is wearing a red jacket, although the second person is too far back to see the color f his clothes. the sky has many large white clouds floating above the trees, and the color of the sky itself is a deep blue.","a man is standing on a ski slope on a sunny day with a blue sky above and a few clouds in the sky above it and a few trees in the background of the photo as well as a shadow of a person walking on the snow covered ground in the foreground of the photo, the man is wearing a red jacket and black pants and a black hat with a black cap and a black hat on his head and a black jacket with a black pants and a black hat on his head and"
/home/juneyonglee/Desktop/leejuyong/dacon-scpc/data/stanford_image_paragraph/archive/stanford_img/content/stanford_images/2414988.jpg,there are two elephants. the elephants are grey. the elephants are both standing. the elephants shadows are on the ground. the elephants have big ears. the elephants have cracks and lines in there skin. there is a wall that is made out of rock behind the elephants. there is a large log on the ground that is light brown.,"two elephants are standing in a dirt field on a sunny day, one of them has his trunk raised up and his head is raised in the air and his trunk is raised up in the air as he stands next to another elephant that is standing in the dirt, and the other elephant is standing in the dirt, and the other elephant is standing in the dirt, and the other elephant is standing in the dirt, and the other elephant is standing in the dirt, and the dirt is brown and dirt"
/home/juneyonglee/Desktop/leejuyong/dacon-scpc/data/stanford_image_paragraph/archive/stanford_img/content/stanford_images/2360361.jpg,a street has no people on it. there is a large building that has columns on its front and a green dome. there are trees growing on the side of the building and they have green leaves. on the other side of the street from the building the sidewalk has a metal barricade on its edge. there is also a street light that is lit up red for pedestrians. there are traffic signs for bikers and pedestrians.,a street corner is shown with a traffic light and a sign on a pole in the middle of the street that says walk walk on it and a red light is on the pole above the pedestrian crossing sign in the middle of the street in front of a large building with a domed dome on top of it and a steeple on the top of the building in the background of the building is a large green tree with green leaves on it and a red traffic light on the pole above the street in the
/home/juneyonglee/Desktop/leejuyong/dacon-scpc/data/stanford_image_paragraph/archive/stanford_img/content/stanford_images/2389067.jpg,a large white cockatoo bird is eating a piece of pizza. the bird is holding the piece of pizza with it ' s foot. the bird has grey feet and is standing on it ' s cage door. there is a toy for the bird on the right. the bird ' s cage is in the corner of a room. there is a window with pink curtains behind the cage. there are books in the corner behind the bird ' s cage. there is a picture on the wall,a white bird is sitting on top of a bird cage with a piece of pizza in its beak and a piece of pizza in its mouth and a piece of pizza in its mouth and a piece of pizza in its mouth and a piece of pizza in its mouth and a piece of pizza in its mouth and a piece of pizza in its mouth and a piece of pizza in its mouth and a piece of pizza in its mouth and a piece of paper on the top of the cage and a window behind the
/home/juneyonglee/Desktop/leejuyong/dacon-scpc/data/stanford_image_paragraph/archive/stanford_img/content/stanford_images/2320316.jpg,"a yellow school bus is in the intersection of a city street. the door on the bus is black and there are two "" stop "" signs on the side. stopped at the crosswalk on the left of the bus there is a red jeep. at the intersection behind the bus there is a traffic signal.","a school bus is driving down the street on a cloudy day in a city on a cloudy day, there are no cars on the street, but there are no people on the street on the bus, and there are no people on the bus, but there are no cars on the street, and there are no people on the bus, but there are no cars on the street, and there are no people on the bus, and there are no people on the bus, and there are no people"
/home/juneyonglee/Desktop/leejuyong/dacon-scpc/data/stanford_image_paragraph/archive/stanford_img/content/stanford_images/2345313.jpg,there is a kite in the sky. the sky is white. the kite has blue swirly tail. the kite looks like a fish. it has blue in the center and purple fins with black borders. the kite has eyes with black irises. there ' s a diamond shape on the center. the diamond is yellow and orange with black border. the tail is stripes of black and white.,a colorful kite is flying in the sky above a body of water on a cloudy day
/home/juneyonglee/Desktop/leejuyong/dacon-scpc/data/stanford_image_paragraph/archive/stanford_img/content/stanford_images/2405292.jpg,animals are standing in front of a building. there are zebras and giraffes. the building is brown and there are large trees behind the building.,"there are giraffes and zebras in an enclosure at a zoo in africa, one of the giraffes is standing in the shade and the other one is standing in the shade of the enclosure and looking towards the camera as if it is looking at the camera as if it is looking at something that is going on in the distance as well as a building that looks like a building with a roof over it and a roof that looks like a roof over the top of the roof and"
/home/juneyonglee/Desktop/leejuyong/dacon-scpc/data/stanford_image_paragraph/archive/stanford_img/content/stanford_images/2404880.jpg,"a baseball player has swung his bat in an attempt to hit a baseball. the player is wearing baseball gloves, a helmet, and a grey uniform with red trim. behind him, the catcher is crouched, trying to catch the ball. this player is dressed in a blue jersey with white pants. he has a mask on.","a baseball player is swinging a bat at a ball that is in the air above home plate on a baseball field on a sunny day in a stadium or stadium, with a catcher behind him, and a catcher behind him, wearing a blue shirt and white pants, and a blue helmet, and a blue shirt with a red and white stripe on the sleeve, and a blue and white uniform on the bottom of the shirt, and a blue helmet on the back of the shirt and a blue shirt with"
/home/juneyonglee/Desktop/leejuyong/dacon-scpc/data/stanford_image_paragraph/archive/stanford_img/content/stanford_images/2322231.jpg,a gold truck is sitting on the side of the street. there are two homes behind the truck. there is a red door on one of the houses. there are bushes in front of the house.,"a tan truck is parked on the street in front of a house on a cloudy day in the neighborhood of seattle, washington, washington, and seattle, washington, usa, on a cloudy day, with a gray sky above the house and a few trees in the front of the house, and a dog sitting in the back of the truck looking out the window of the window of the truck, looking at the house that is on the street in front of the house, and a red door on the"
/home/juneyonglee/Desktop/leejuyong/dacon-scpc/data/stanford_image_paragraph/archive/stanford_img/content/stanford_images/2318958.jpg,a man is sitting on a bench in a park. he is wearing dark clothing with light colored shoes. there are trees surrounding a field. there are about thirteen men on the field. twelve of them are wearing white garments and playing a game of soccer. one of them is wearing a pair of black pants and a white shirt and is not participating in the game. there is a car parked in the background of the field.,"a man is sitting on a bench looking at a group of people playing a game of cricket in a park on a sunny day in the park, the man is wearing a hoodie and a pair of pants and a pair of sneakers, and the man is wearing a hoodie with a hoodie on, and the man is wearing a hoodie with a hoodie over his shoulders and a pair of pants with a pair of white sneakers on, and a pair of white tennis shoes with a black"
/home/juneyonglee/Desktop/leejuyong/dacon-scpc/data/stanford_image_paragraph/archive/stanford_img/content/stanford_images/2337539.jpg,a cast iron frying pan is turned upside down on a stove burner that is turned off. a round piece of dough covers the bottom and two hands holding a knife are cutting off the excess dough to make it fit to the bottom of the pan. next to the stove is a light colored wooden cutting board. the hands are delicate looking as though they belong to a female.,a person is cutting a cake with a knife on a black stove top with a wooden cutting board on it in front of them on a kitchen counter top with a red pot on top of it and a wooden cutting board on the stove top of it with a black handle on it and a wooden board on the stove top of it with a black handle on it and a wooden board on the stove top of it with a black handle on it and a wooden board on the stove top of which a black
/home/juneyonglee/Desktop/leejuyong/dacon-scpc/data/stanford_image_paragraph/archive/stanford_img/content/stanford_images/2361712.jpg,a lone giraffe stands next to a brick building and eats the grass on the ground. the giraffe ' s long neck is curved downward so it can reach the grass. it stands in the bright sun. the ground next to the grass appears white. a black iron ladder is attached to the side of the building and can be seen to the left of the giraffe. another iron structure is attached to the wall behind the giraffe.,a giraffe is standing outside on a sunny day in front of a brick building with a window on the side of it and a ladder on the side of it on the wall behind it on the other side of the building is a patch of grass that is growing in the grass behind the giraffe ' s legs and neck as well as the legs of the giraffe ' s head and neck are visible in the picture of the giraffe ' s neck and neck and neck are
/home/juneyonglee/Desktop/leejuyong/dacon-scpc/data/stanford_image_paragraph/archive/stanford_img/content/stanford_images/2393255.jpg,a goalie is being seen attempting to block a soccer ball. he is diving towards his left to block the ball. he has on a white tee shirt and blue navy shorts.,"a young boy is playing soccer on a soccer field on a sunny day, he is wearing a white t - shirt and black pants, and his hands are in the air as he reaches up to catch a white ball that is in the air, and he is reaching for it with his right hand, which is reaching towards the ball, which is in the air, and he is reaching out towards the goal, which is white with blue writing on it, and a black net behind it, and"
/home/juneyonglee/Desktop/leejuyong/dacon-scpc/data/stanford_image_paragraph/archive/stanford_img/content/stanford_images/2364598.jpg,this image is of a white milk bottle shaped vase wit the word love on it near the center. there are red berries on a branch in the vase. next to the vase is a glass object. it has a green tint to the glass. it is only half the size of the mil bottle shaped vase. both items are sitting on a wooden surface near the center of the image.,"a white vase with red berries is sitting on a counter in a room with a blurry background of a door and a person in a doorway in the background of the photo in the background of the photo, a blurry photo of a person in a doorway in the background of the photo, and a blurry door in the background of the photo of the room in the background of the photo, with a blurry image of a person in the doorway of a home in the background of the photo"
/home/juneyonglee/Desktop/leejuyong/dacon-scpc/data/stanford_image_paragraph/archive/stanford_img/content/stanford_images/2316767.jpg,a woman is sitting on bench. she is reading a book. her hair is really short. she is wearing a white shirt. there is a big lake in front of her. the clouds are very white.,"a man is sitting on a bench looking at the water of a lake in the mountains on a cloudy day in new zealand, with a few clouds in the sky above the mountains, and a few trees in the distance, as well as a few pine trees, and a few bushes, are in the foreground of the image, and the man is wearing a white shirt and has his arms folded out in the air as he sits on the bench looking at the water, and the mountains are in"
/home/juneyonglee/Desktop/leejuyong/dacon-scpc/data/stanford_image_paragraph/archive/stanford_img/content/stanford_images/2410351.jpg,"a public bathroom has white walls on top and black on the bottom. there is a long counter that is a light color and is reflecting light. there are at least five sinks that are small, round and metalic. there are soap dispensers in the counter next to the sinks. above each sink is a rectangle mirror.","a row of sinks are lined up against a wall in a public bathroom, with a yellow light shining through the mirror above them on the wall above them, and a window behind the sinks, with blinds on the windows above them, and a window behind the sinks, and a window with blinds on the windows above them, and a window with blinds on the windows above them, and a window with blinds on the windows above them, and a window with blinds on the windows above them, and a"
/home/juneyonglee/Desktop/leejuyong/dacon-scpc/data/stanford_image_paragraph/archive/stanford_img/content/stanford_images/2361238.jpg,"a man is standing in a room with his arms stretched out, and holding a white game controller in one of his hands. he is standing on top of a white game pad, that is sitting on the carpeted floor. other people can be seen sitting on sofas in the background. part of a picture can be seen on a wall in the photo. a large plant is seen in front of white window blinds.",a man is standing in a living room holding a white game controller in his hand and standing on a white platform in front of him on a white rug on the floor of a living room in front of a white wall with a picture hanging on the wall above it on the wall of a window with white curtains on it and a picture hanging on the wall above it of a palm tree in a frame above the man on the left of the picture is a man in a black shirt and a gray and
/home/juneyonglee/Desktop/leejuyong/dacon-scpc/data/stanford_image_paragraph/archive/stanford_img/content/stanford_images/2410483.jpg,there is a building with graffiti. the graffiti is both pictures and tags of some sort. the building is a light teal blue. the paint has been chipping and large sections of it has the concrete of the building exposed. there is a large vent in the wall of the building as well as a window that is secured by metal bars. there is a tree in front of the building with a thin trunk at the bottom but thickens at the top. there is a little boy standing,"a boy is standing outside on a dirt ground with a baseball bat in his hand and a green shirt on and tan shorts on, and a red scarf around his neck on his neck and a red scarf around his neck on his neck and a white shirt on his shirt and blue shoes on his feet on the ground in front of a wall with graffiti on it and a tree in front of it with a window on the side of it and a window on the side of it with a closed shutter on"
/home/juneyonglee/Desktop/leejuyong/dacon-scpc/data/stanford_image_paragraph/archive/stanford_img/content/stanford_images/2373042.jpg,a man is standing on top of his snowboard. the snowboard is a royal blue color. there is a mound of snow the man is standing on. there are lights in the background along the ceiling.,a man is standing on a snowboard in a building with a red and white sign in the background and a red and white sign with the word aor on it in red and white letters on it and a red and white flag with the word aor on it in red and white letters on it and a red and white flag with a blue snowboard underneath it and a red and white flag with a red flag on it and a blue pole with a red and white flag on it and a
/home/juneyonglee/Desktop/leejuyong/dacon-scpc/data/stanford_image_paragraph/archive/stanford_img/content/stanford_images/2360225.jpg,"there is a fire hydrant in this image, which appears to serve a residential neighborhood. the neighborhood appears to be filled with single family homes. the cement street next to the hydrant, along with the side walk, both appear to be dry. the fire hydrant is red and yellow. some of the paint on the hydrant appears to be chipped. the grass next to the fire hydrant is very well maintained. there are bushes by the homes.","a yellow and red fire hydrant is sitting on the grass in front of a street in a neighborhood on a cloudy day in the middle of the day, there are houses on the other side of the street, and a few trees in the distance, and a few bushes on the other side of the street, and a few bushes in the front of the houses, and a few bushes on the other side of the street, and a few bushes on the other side of the street, and a"
/home/juneyonglee/Desktop/leejuyong/dacon-scpc/data/stanford_image_paragraph/archive/stanford_img/content/stanford_images/2381666.jpg,the bathroom is abandoned. it is white in color. there is only a toilet bowl and toilet tank in the room. there is a lot of dirt on the toilet and the floor. the bowl is empty. the top is on the tank but is covered in black dirt or soot. the top is open on the bowl as well as the seat is lifted. the floor tile has been pulled up or has decomposed with time.,a dirty toilet is in a bathroom with a white wall and a white door on the right side of it and a white toilet seat with a dirty toilet paper on the back of it and a dirty toilet seat on the right side of it and a dirty toilet seat on the left side of it and a dirty toilet seat on the right side of it and a dirty toilet seat on the right side of it and a dirty toilet seat on the right side of the toilet and a dirty floor on the floor
/home/juneyonglee/Desktop/leejuyong/dacon-scpc/data/stanford_image_paragraph/archive/stanford_img/content/stanford_images/2400229.jpg,a cat is laying in a backpack. the backpack is blue and has golden straps on it. the backpack is hanging from a wooden door.,a black cat is peeking out of a blue and yellow backpack with yellow straps on the bottom of it and a black tag on the front of it and a black and yellow tag on the bottom of the backpack with a black cat inside of it and a black cat in the back of the backpack with a yellow stripe on the bottom of the backpack and a black and white stripe on the bottom of the backpack with a black and yellow stripe on the bottom of the backpack and a black and white stripe on
/home/juneyonglee/Desktop/leejuyong/dacon-scpc/data/stanford_image_paragraph/archive/stanford_img/content/stanford_images/2385685.jpg,"some beautifully made clocks are hanging on the side of a building. the building looks very ancient and has very nice architectural features. the clocks are brown, gray, and a golden yellow color and are very neat.",a large building with a large clock on the front of it and a man standing in front of it in front of it on a cloudy day
/home/juneyonglee/Desktop/leejuyong/dacon-scpc/data/stanford_image_paragraph/archive/stanford_img/content/stanford_images/2386869.jpg,pigeons are sitting in a large group. most pigeons are gray but one is a brown color. behind the pigeons is a wall that has white slats on it. the pigeons are all facing different directions.,"a group of pigeons are standing on a roof in a row on a sunny day, with a white building behind them, and a white wall behind them, with a white horizontal pattern on the side of it, and a white building behind it with a white stripe across the top of the roof, and a white building behind the birds with a brown and white stripe on the bottom of the wings, and a white stripe on the bottom of the wings, and a white stripe on the top of the"
/home/juneyonglee/Desktop/leejuyong/dacon-scpc/data/stanford_image_paragraph/archive/stanford_img/content/stanford_images/2330405.jpg,"a bus is proceeding through traffic and making a turn in the street. the bus is light blue, dark blue, and has white and golden writing on it. the sun is shining very bright and the sky is very cloudy.","a blue bus is driving down a street in a city on a sunny day, with a blue and white striped bridge over it above the bus, and a black car parked on the street behind it on the other side of the street, and a white building with a red and white striped sign on the front of it on the side of the bus, and a red and white sign on the side of the building above the bus that says, coca, on the side of the road, there is"
/home/juneyonglee/Desktop/leejuyong/dacon-scpc/data/stanford_image_paragraph/archive/stanford_img/content/stanford_images/2349074.jpg,there is a yellow and red and white plane standing on the runway. the landing gear is partially down on the ground with exhaust coming out from the tail. the side of the plane has writing in black. there is a logo of red and yellow on the tail of the plane. on the plane there is twelve passenger windows with a large window for the pilots to see out of.,"a plane is on the runway of an airport on a cloudy day, with trees in the background, and a few clouds of smoke coming from the tail of the plane, as well as a small amount of smoke coming from the engine of the plane, as well as the engine, as the engine, and engine, are visible on the side of the plane, as well as the tail, and the wing of the wing, are visible on the plane, and the tail of the plane is red"
/home/juneyonglee/Desktop/leejuyong/dacon-scpc/data/stanford_image_paragraph/archive/stanford_img/content/stanford_images/2349400.jpg,a small bird is standing perched on a thin branch. the bird is looking forward. the bird has an orangish beak. the stomach of the bird is fluffy and fat.,a small bird is perched on a branch with a long tail that is orange and black on the tip of its head and a black beak with a red eye and a black nose and a black tail with a black tail on the tip of its head and a black tail on the tip of its head and a black tail on the tip of its head and a black tail on the tip of its head and a black tail on the tip of its head and a black tail on its back and a black
/home/juneyonglee/Desktop/leejuyong/dacon-scpc/data/stanford_image_paragraph/archive/stanford_img/content/stanford_images/2360721.jpg,"a surfer wearing a black wet suit and holding a white surfboard under his right arm is standing on the short of a beach at dusk. the man has his right hand on his hip as he stares out into the water. the foamy water is rolling up on the shore at the feet of the surfer. in the water people can be seen swimming and surfing, most of whom are surfing.",a person is standing on a beach looking at the water with their surfboards in their hands and holding a white surfboard in their hands and facing the water with a lot of waves in the water behind them and a lot of trees in the background behind the person and the sun shining down on them and the sun shining down on them and the water is a bit hazy and the sun is shining down on the beach and the person is wearing a black wet suit and a black wet suit and a
/home/juneyonglee/Desktop/leejuyong/dacon-scpc/data/stanford_image_paragraph/archive/stanford_img/content/stanford_images/2319902.jpg,there is a red fire hydrant standing on the ground. there are grass and weeds around the fire hydrant. there are trees behind the fire hydrant.,"a red fire hydrant is standing in a field of grass on a sunny day in a forest of trees and bushes on a sunny day with a blue sky above the trees and hills in the distance in the distance, a few clouds are visible in the sky above the trees and the sky is a bright blue with a few clouds in the sky above the trees and bushes in the distance in the distance, and a few trees in the distance in the distance, and a few trees in the distance,"
/home/juneyonglee/Desktop/leejuyong/dacon-scpc/data/stanford_image_paragraph/archive/stanford_img/content/stanford_images/2382372.jpg,a cat is sitting in a bow. the cat is too big for the bow. the cat is white with black spots. the bowl is orange. the table has red floral prints.,a cat is sitting in a yellow bowl on a table in a kitchen with a woman standing behind it in a black dress and a red and white tablecloth on the table with a red and white tablecloth on it and a bottle of wine in front of the cat on the table with a white napkin in front of it and a silver canister on the table behind it with a red and white tablecloth on it and a red tablecloth on the table with a red and white tablecloth on
/home/juneyonglee/Desktop/leejuyong/dacon-scpc/data/stanford_image_paragraph/archive/stanford_img/content/stanford_images/2348951.jpg,a woman is standing in a wooded area on snow covered ground. she is wearing a pink and black coat and black pants. she has skis on her feet and black and a hat on her head. the woman has gloves on her hands that are holding trekking poles in them. a tall tree trunk stands behind the woman. green trees surrounds the woman on all sides of the woods.,"a woman is standing on skis in the snow in a forest of trees on a sunny day, she is wearing a pink jacket and black pants, and a pair of skis on her feet, and a pair of ski poles in her hands, and a pair of skis in her hands, and a pair of skis in her hands, and a pair of skis in her hands, she is holding ski poles in her hands and is smiling at the camera as she stands in front"
/home/juneyonglee/Desktop/leejuyong/dacon-scpc/data/stanford_image_paragraph/archive/stanford_img/content/stanford_images/2378426.jpg,a boy puts a glove on his hand. the boy is wearing a jacket. the boy is wearing shorts. the boy is standing by a suitcase. the boy is in front of a chair. the suitcase is on another chair. the boy is looking down. there are flowers in a vase. there are other things on the mantel. the boy has short hair.,a woman is wearing a coat and is leaning on a chair in a room with a piano in the background and a window behind her on the wall with a potted plant on top of it and a white cat sleeping on the chair in front of it on the floor of the room in front of the window is a dresser with a wooden frame and a shelf above it with a mirror on top of it and a shelf with a bunch of folded towels on it above the dresser and a chair with a
/home/juneyonglee/Desktop/leejuyong/dacon-scpc/data/stanford_image_paragraph/archive/stanford_img/content/stanford_images/2342963.jpg,this is a image of a female tennis athlete. she is wearing a white ball cap that has a mint green logo. her top is white the neck is trimmed in mint green. the side of the top has a mint green stripe extending to the back. she is wearing a white pleated tennis skirt that has a matching mint green logo on the her left side. she is holding her racquet with her right hand and hitting the yellow tennis ball.,"a woman is playing tennis on a tennis court on a sunny day, she is wearing a white cap, a white shirt, and a white skirt with green designs on the side of it, and a white hat with a green design on the front of it, and a white tennis racket with a yellow tennis ball in the air, and a man in an orange jacket and white pants is behind her on the court with a blue wall behind her, and a black net behind the woman with a"
/home/juneyonglee/Desktop/leejuyong/dacon-scpc/data/stanford_image_paragraph/archive/stanford_img/content/stanford_images/2322025.jpg,tower bridge is seen over the river thames on a stormy day. the sky is full of dark ominous storm clouds. the clock tower is seen on the right.,"a large clock tower is in the distance of the image, with a large clock face on it and a clock tower below it, and a bridge over it that is in front of the clock tower and the big ben tower in the distance, with a cloudy sky above the clock tower and the big ben in the distance, and the houses of parliament in the background, and the houses of parliament in the distance, with a reflection of the sun in the clouds above the bridge and the houses of parliament"
/home/juneyonglee/Desktop/leejuyong/dacon-scpc/data/stanford_image_paragraph/archive/stanford_img/content/stanford_images/2366203.jpg,"a person is skiing down a snow covered slope in a competition. he is wearing a black helmet and a blue white red spandex body suit, green gloves and yellow boots. he has green and black ski poles and white and black skis.","a man is skiing down a hill on skis in the snow, he is wearing a white and red ski suit with blue stripes on the bottom and a black helmet on his head and a black helmet on his head and a blue and white helmet on his head and a pair of skis in his hands and a pair of ski poles in his hands and a pair of orange and black skis in his hands and a blue and white ski pole in his hand and a blue flag in his hand"
/home/juneyonglee/Desktop/leejuyong/dacon-scpc/data/stanford_image_paragraph/archive/stanford_img/content/stanford_images/2385145.jpg,"this is an outdoor scene of a lake or pond with cement walls around it. snow is also on the ground. in the pond are various ducks, geese and swans. blue and grey pigeons, as well as some canadian geese are on the snowy ground. further in the background is a large white building. the building has many windows and chimneys. the sky overhead is a vast gray cloud.",there are many birds in the water and some of them are standing on the snow and looking at the water and they are all looking at something that is going on in the water and there is a building in the background that looks like a palace or palace with a clock on the top of it and a clock on the roof of it and a clock on the top of the building that says it is not open on the clock and there are many birds all around the pond and there are some of them
/home/juneyonglee/Desktop/leejuyong/dacon-scpc/data/stanford_image_paragraph/archive/stanford_img/content/stanford_images/2387488.jpg,there are several small teddy bears sitting on a black counter. there is a small book in front of them. there is a bear that is wearing a red hat.,"a table is covered with a blue tablecloth and a white picture frame on it, with a white border around it, and a white border around it on the bottom of the table is a picture of winnie the pooh and other winnie the pooh figurines on display in a glass case on top of the table, with a white border around the bottom of the table, and a white border around the bottom of the table with a white border around the edges of the edges of the table"
/home/juneyonglee/Desktop/leejuyong/dacon-scpc/data/stanford_image_paragraph/archive/stanford_img/content/stanford_images/2410707.jpg,"a man in a white and red shirt, and a helmet is riding a bmx dirt bike. there is a white tag with "" 46 "" on the front of the bike. the bike is high in the air, and there is the head of a man in yellow earphone watching the biker. there are trees in the background and a few cars parked on the grass near the trees.",a man is riding a motorcycle on a dirt bike in the air on a sunny day in a field of grass with a lot of trees in the background on the hill behind him is a man with a yellow shirt and black helmet on and a black helmet on his head is watching the man jump on the dirt bike in the air on a sunny day with a blue sky above and a few clouds in the sky above the trees on the hill behind him is a man with a black and white helmet on
/home/juneyonglee/Desktop/leejuyong/dacon-scpc/data/stanford_image_paragraph/archive/stanford_img/content/stanford_images/2347551.jpg,the photo was taken at a train station. there is an orange bench on the platform. the man is sitting on the orange bench. the orange bench is made of wood. the man is a monk and wearing a mustard colored traditional outfit. the man has low eyes and is older in age. the floor is black and marbled. there is a silver train in the back. the train has blue writing and a blue stripe going across it.,"a monk is sitting on a bench in a train station, waiting for a train to pass by on a cloudy day, with a blue plastic bag on the platform, and a blue plastic trash can on the platform, and a blue plastic bag on the platform, as well as a blue plastic bag, and a blue plastic trash can, are on the platform, and the train is parked on the platform, and the train is gray and blue, with windows on the side of the train, and"
/home/juneyonglee/Desktop/leejuyong/dacon-scpc/data/stanford_image_paragraph/archive/stanford_img/content/stanford_images/2401096.jpg,a giraffe is walking on the ground. there is a silver steel fence in front of the giraffe. there is a brick building behind the giraffe with a doorway in it.,"a giraffe is walking in a zoo enclosure, and it is walking towards the camera with its mouth wide open and its legs bent forward and feet wide and feet wide and feet wide are visible as it is walking towards the door of the enclosure, and the door is open and the window is closed and the wall is made of a tan brick with a black frame and a window with a black frame and a window with a black frame and a black frame with a black frame and a"
/home/juneyonglee/Desktop/leejuyong/dacon-scpc/data/stanford_image_paragraph/archive/stanford_img/content/stanford_images/2401278.jpg,this photo is taken inside of a kids room. there is a small wooden bunk bed sitting against a painted wall. the bed has two green and one blue pillow on it. a dresser with four wooden drawers is sitting underneath the bunk bed. a small wooden table is sitting beside the bed with a chair in front of it. the floor is made from light hardwood.,a wooden bunk bed with a blue mattress is sitting against a gray wall in a room with a white wall and a wooden floor in front of it on the wall is a shelf with a blue cushion on it and a shelf with a green pillow on top of it with a ladder on it and a shelf with a shelf with a chair underneath it on the bottom of it and a shelf with a shelf with a chair underneath it on it with a red potted plant on top of it on the floor
/home/juneyonglee/Desktop/leejuyong/dacon-scpc/data/stanford_image_paragraph/archive/stanford_img/content/stanford_images/2407341.jpg,"there are many people sitting on a beach on a clear, blue sky day. there are three boats sitting in the water. one boat is yellow, while the other two are smaller and white. there are various different umbrellas shading the people from the sun. behind the sandy beach there are many green, lively trees. some people are riding in a boat. some are sunbathing and some are standing in the area between the water and sand.","there are several boats in the water on the beach of a beach with people on it and a few umbrellas on the beach behind them on a sunny day in the background, there are many trees on the beach and a few people on the beach in the water on the other side of the beach are on the sand and there are many people on the beach in the water on the sand and there are many umbrellas on the beach and some people on the sand on the beach in the water and"
/home/juneyonglee/Desktop/leejuyong/dacon-scpc/data/stanford_image_paragraph/archive/stanford_img/content/stanford_images/2337809.jpg,some food is displayed on a plate. they are both in their own separate paper containers. there are two birds on the table next to the plates. there are also two glasses of water on the table.,there is a white plate on the table with a white plate on it with a white plate on it with a white plate on it with a white plate with a white plate with a white plate with a red plate with a green plate with a red plate with a black plate with a white plate with a red plate and a black plate with a white plate with a red plate and a black plate with a white plate with a red plate and a black plate with a white plate and a glass with a
/home/juneyonglee/Desktop/leejuyong/dacon-scpc/data/stanford_image_paragraph/archive/stanford_img/content/stanford_images/2377815.jpg,"a man in a soccer uniform is playing the game on a field. he is about to kick the gold and white ball. his uniform consists of a white shirt, blue shorts / socks & black nike shoes.",a man is kicking a soccer ball on a field of grass in a white and blue uniform with a yellow stripe on the side of it and a white and blue stripe on the front of the shirt and blue and yellow stripes on the bottom of the shirt and blue and white shorts on the bottom of the shirt and blue and white socks on the bottom of the shorts are black and white with a gold stripe on the bottom of the shorts and a white and blue stripe on the bottom of the shorts is
/home/juneyonglee/Desktop/leejuyong/dacon-scpc/data/stanford_image_paragraph/archive/stanford_img/content/stanford_images/364.jpg,a red light at an intersection. some people are sitting on a bench across the street. there are three flag poles to the east of the picture. the sky is very clear but there are a few clouds in the air.,a street is surrounded by trees with yellow leaves on them and a red light hanging from the pole on the pole is a red light on the pole and a black pole with a red light on it is on the corner of the street and a person is walking on the sidewalk on the sidewalk in front of the street with a red car on the street behind them and a white building in the background on the other side of the street with a flag pole on it and a white pole with a red light
/home/juneyonglee/Desktop/leejuyong/dacon-scpc/data/stanford_image_paragraph/archive/stanford_img/content/stanford_images/2322189.jpg,the photo was taken on a boardwalk. the boardwalk is made of wood. the person with their back turned is a woman. the woman is wearing a black coat with a fur hood and black pants. the woman is holding a red umbrella. there are other people on the boardwalk in the distance. there is water on the left side. the water has a few boats in it. there are trees straight ahead in the distance.,"a woman is standing on a bridge looking at a body of water with a red umbrella over her head and a green boat behind her on the other side of the bridge, and a man in a green shirt is standing behind her looking at the water and a woman in a black coat is standing on the other side of the bridge looking at the water and a man in a green shirt is standing behind her on the other side of the bridge looking at the water and a bridge across the river"
/home/juneyonglee/Desktop/leejuyong/dacon-scpc/data/stanford_image_paragraph/archive/stanford_img/content/stanford_images/2367022.jpg,a man is standing in a room looking at a camera. the shirt he ' s wearing is red and grey plaid. he is wearing black pants. on the table are bottles of liquor and a almost empty wine glass. behind him are wooden shelves and an old tv.,a man is standing in a room with a table in front of him and looking at his cell phone in his hand and holding it in his hand with a smile on his face and a watch on his wrist and a watch on his wrist is on his wrist and he is wearing a red and white checkered shirt and black pants and a pair of black shoes with a black band on his feet and a pair of black glasses on his feet and a pair of black flip - flops on his feet
/home/juneyonglee/Desktop/leejuyong/dacon-scpc/data/stanford_image_paragraph/archive/stanford_img/content/stanford_images/2348439.jpg,the boat is parked in the water and sitting still. the boat is painted red and white. there is a white small truck parked on the road. the man standing next to the truck is wearing black.,"a white and red boat is in the water on a cloudy day, with a white van parked on the dock behind it, and a man in a black shirt standing on the dock behind it on a cloudy day, wearing a black shirt and black pants, and a black hat, is standing on the dock, and looking at the boat, with a blue flag hanging from the top of the boat, and a blue buoy hanging from the side of the boat, and a blue flag on the"
/home/juneyonglee/Desktop/leejuyong/dacon-scpc/data/stanford_image_paragraph/archive/stanford_img/content/stanford_images/2345509.jpg,a group of people are standing around the arch. some of them are riding skateboards. there is a bike rack on the side. here are lights on the arch. there are many buildings behind the arch. there are lights on the street. the night is dark. there are people on the street. there are no cars. there are others standing around.,a large white arch is lit up in the evening with a yellow metal frame and a clock on the top of it and a man in a blue shirt is standing in front of it with his arms raised in the air and a suitcase in front of him on the ground in front of them is a sidewalk with people walking on it and a traffic cone in front of them and a building in the background in the distance with a blue sky above it and a few buildings in the background
/home/juneyonglee/Desktop/leejuyong/dacon-scpc/data/stanford_image_paragraph/archive/stanford_img/content/stanford_images/2383410.jpg,two airplanes are flying in the sky on a cloudy day. one of the planes has longer wings than the other plane. there is a long line in the middle of the two planes. a red stoplight can be seen below the planes. there is a large tree on the left side of the photo.,two planes are flying in the sky above a tree and a traffic light on a pole in front of them on a cloudy day
/home/juneyonglee/Desktop/leejuyong/dacon-scpc/data/stanford_image_paragraph/archive/stanford_img/content/stanford_images/2353250.jpg,outside of the shack are a large amount of stands where vendors sell food and such in the city. you can see two men bending over working. and a third man standing outside shirtless.,"a man is standing outside on a street in front of a building with a sign on the side of it that says, ` i want my tuvet ' in white writing on the front of it and a man standing behind the sign with a backpack on his back of it and another man standing behind him behind him with a backpack on his back of the building behind him and a woman in a white shirt and black pants is standing in front of the building behind them with a pile of bananas on the"
/home/juneyonglee/Desktop/leejuyong/dacon-scpc/data/stanford_image_paragraph/archive/stanford_img/content/stanford_images/2389906.jpg,a wall with lots of windows. the windows are clear. there is a moving object behind the wall. there is a platform for loading passengers near the train. there is lots of metal framing around the windows.,"a train is moving on the train station, and the doors are open and the train is moving on the tracks and the train is moving on the platform and the platform is empty and the train is moving on the tracks and the platform is empty and the platform is empty and the platform is empty and the platform is empty and the platform is empty and the platform is empty and the platform is empty and the platform is empty and the platform is empty and the platform is empty and empty and the platform is"
/home/juneyonglee/Desktop/leejuyong/dacon-scpc/data/stanford_image_paragraph/archive/stanford_img/content/stanford_images/2393995.jpg,two bears are outside playing in a field of grass. there are a bunch of small weeds and dandelions located everywhere around the grass area. one of the bears has it ' s face in the earth and is probably eating some grass. the other bear is looking towards the east. both of the bears are a dark brown color.,"two brown bears are walking in a field of tall grass and weeds in the background, and the grass is green and brown and white flowers in the foreground, and the bears are facing away from the camera and looking towards the right, and the bears are facing away from the camera, and the bears are facing away from the camera and facing the camera, and facing the same direction, and the bears are facing the same direction, and facing the same direction, and facing the same direction, the"
/home/juneyonglee/Desktop/leejuyong/dacon-scpc/data/stanford_image_paragraph/archive/stanford_img/content/stanford_images/2417463.jpg,a bear is sitting on a set of a ski resort. the bear is wearing a cap. the cape is red. he is also wearing a ski cap. the cap is also red.,a brown teddy bear is standing in the snow with a red cape on and a red hat on and a red star on his head and a red cape on his back and a red cape on his back and a red star on his chest and a red star on his chest and a red star on his chest and a red star on his chest and a red star on his chest and a red star on his chest and a red star on his chest and a red and white star on his chest and
/home/juneyonglee/Desktop/leejuyong/dacon-scpc/data/stanford_image_paragraph/archive/stanford_img/content/stanford_images/2372810.jpg,"a man in a gray shirt, and pants is leaning over a little girl in a pink shirt as they cut a cake. there is a chocolate cake with chocolate frosting and whipped cream with cherries on the whipped cream on top. there are balloons floating int he sky over the table. there are trays of other party foods and snacks and a plate of spoons and knives. other people are standing around the table watching as the cake is being cut.","a man and a woman are standing at a table in a room with a child at a birthday party on it, they are looking at a cake on a plate on a table with a bunch of food on it and a bunch of other items on the table in front of them on a red tray with a white napkin on it and a green cup on top of it on a red tray with a white napkin on it and a green cup in a pink cup on the table next to it is a"
/home/juneyonglee/Desktop/leejuyong/dacon-scpc/data/stanford_image_paragraph/archive/stanford_img/content/stanford_images/2381765.jpg,"two people in tan jackets are walking together down a wide paved sidewalk under a blue awning. two other people are standing in front of a market that has various fruits, vegetables and flowers on the sidewalk. in the foreground is a tall green metal pole with a very small red and white sign that says no parking anytime. there is also a green awning on the buildings and a red one.","a couple of people are walking down a sidewalk on a sunny day in a city, one of the people is wearing a tan jacket and the other is wearing a black jacket and blue jeans, and the other person is wearing a tan jacket and black pants, and is carrying a brown bag in their hand and walking towards a fruit stand that has a large variety of fruits on it, and a large sign that says, fruit stand in front of it, and a large sign that says"
/home/juneyonglee/Desktop/leejuyong/dacon-scpc/data/stanford_image_paragraph/archive/stanford_img/content/stanford_images/2371730.jpg,"this is an image of some animals. the animals are cows. the cow on the right is white. the cow in the left is reddish brown. the cow has long horns. the horns are black. the horns are curved. the horns are sharp. the other cow has dull horns. the cows have black noses. there is a row boat behind the cows. the boats are painted red, white and black.","two white cows are laying on the beach, one of them is laying down and the other one is laying down on the ground, and the other one is laying down on the ground, and the other cow is laying down on the beach, and the other cow is laying down on the beach, and the other cow is standing up on the beach, and the other cow is laying down on the beach, and the other cow is laying down on the beach, and the boat is red and white"
/home/juneyonglee/Desktop/leejuyong/dacon-scpc/data/stanford_image_paragraph/archive/stanford_img/content/stanford_images/2371141.jpg,a man is riding a skateboard in a skatepark. the man is riding the skateboard along the edge of a pool area. the man is wearing a helmet. the man is also wearing kneepads and elbowpads. the man is wearing black clothes. the man has glasses on. there are shadows on the ground. there is a lot of sunlight.,a man is wearing a black shirt and black shorts with white writing on it and a black helmet on his head and knee pads on his feet and feet is riding a skateboard on a ramp in a skate park on a sunny day
/home/juneyonglee/Desktop/leejuyong/dacon-scpc/data/stanford_image_paragraph/archive/stanford_img/content/stanford_images/2410911.jpg,a woman in a white shirt is laying on top of a surfboard. the surfboard is white and has pink stripes on it. there are shoes laying next to the surfboard.,a woman is laying on the floor with her surfboard on her back and her face is close to the camera and she is wearing a white shirt and blue shorts with a pink stripe on the bottom of the surfboard and a white wrist watch on her wrist and a black watch on her wrist and a black bag with a blue strap on it and a clear plastic bag on the floor behind her and a pair of brown shoes on the floor behind her and a blue bag with a white label on it
/home/juneyonglee/Desktop/leejuyong/dacon-scpc/data/stanford_image_paragraph/archive/stanford_img/content/stanford_images/2133.jpg,this picture is taken inside of a home. there is a large rug sitting on a brown wooden floor in the room. a chair is sitting against a white painted wall. a picture frame is hanging above the chair. there is a large cabinet sitting near the chair in the corner of the room. green plants hang on a side wall of the room.,"a narrow hallway with a white painted wall and a wooden bookcase with a brown shelf on the wall is seen in the hallway of a home with a red towel hanging on it and a chair in the hallway in the background on the left of the photo, and a picture of a woman is hanging on the wall above the bookshelf in the hallway of the house with a green plant in the corner of the room on the left of the door is a picture of a white framed picture of a"
/home/juneyonglee/Desktop/leejuyong/dacon-scpc/data/stanford_image_paragraph/archive/stanford_img/content/stanford_images/2347863.jpg,a big truck is sitting outside. there is a sign on the top of the truck that has foreign writing. the sky is filled with a big cloud. this is all taking place in an urban area.,a large white truck is driving down a street on a cloudy day in a city with traffic lights on the top of it and a large screen on top of it that reads fireworks on it and is lit up in red and white with a blue background and a red light above it and a black pole with orange and white traffic cones on it on the sidewalk in front of the truck is a bridge spanning the street with a building across the street and a bridge across the street from the truck on the left
/home/juneyonglee/Desktop/leejuyong/dacon-scpc/data/stanford_image_paragraph/archive/stanford_img/content/stanford_images/2342464.jpg,the person is doing snowboarding. the person is wearing a black helmet and black goggles. the vest the person is wearing is red and gray jacket. the pants are brown. few feet away are the crowd watching the snowboarding. the crowd is behind the fence. the fence have different ads on them. the sky is blue with thin white clouds.,"a man is snowboarding on a snow covered hill in a blue sky with white clouds in the background, he is wearing a red vest with black letters on it, and a black helmet with a black and gray design on the front, and a black and red vest with a black design on the back, and a black and white helmet with a black and red design on the front, and a black and white design on the back of the vest with a black and red design on the front and"
/home/juneyonglee/Desktop/leejuyong/dacon-scpc/data/stanford_image_paragraph/archive/stanford_img/content/stanford_images/2367934.jpg,"a metal pole has two signs on it. the signs are green, white and red. there is a red building with black doors behind the sign.",a brick building is behind the brick building with a window on the left side of it and a black bird on top of it on the top of the sign that says little italy and college st on the top of the sign is a little italy st sign with a red stripe and a green stripe on the bottom of the sign and a white stripe with a red stripe on the bottom of the sign and a green stripe on the bottom of the sign and a white stripe on the bottom of the sign and
/home/juneyonglee/Desktop/leejuyong/dacon-scpc/data/stanford_image_paragraph/archive/stanford_img/content/stanford_images/2416937.jpg,a wii box with a game system and remote sits on a car seat. a blue and white sticker is on the right hand corner of box. the box is rectangular and there are magazines under the box. a bottle sits in the cup holder next to the seat. a yellow plastic bag is also on the front seat. the door handle is in the background and the power buttons to the window is at the top of the arm rest.,"a white wii box is sitting on top of a yellow bag on a car seat in a car with a blue lid on it, and a blue cap on top of it, is sitting on the seat of the car, which is sitting on the seat of a car, which is sitting on a black seat, and a black seat belt is visible in the background of the photo, which is visible in the image of a car interior, with a black steering wheel, and a blue and white wii"
/home/juneyonglee/Desktop/leejuyong/dacon-scpc/data/stanford_image_paragraph/archive/stanford_img/content/stanford_images/2316413.jpg,a couple of people going in opposite directions on a stairway. the man on the left is talking on a black cell phone. the man on the right is carrying a black bag. the stairway is gray. there is a large brick building with white doors behind the stairway. there is a person standing beside the brick building. the sky is blue with large white and gray clouds. there is another behind to the right of the brick building.,"two men are walking up a set of stairs on a sunny day in a city, one of them is talking on a cell phone, the other is walking towards the camera, and the other is walking towards a building with a large white window on the side of it, and a large white box on the top of the building, which is a large white window with a white frame above the windows, and a small window above the stairs, and a large white window above the stairs, and a"
/home/juneyonglee/Desktop/leejuyong/dacon-scpc/data/stanford_image_paragraph/archive/stanford_img/content/stanford_images/2368379.jpg,the image is of a bathroom. the toilet is located on the left side of the bathroom. its lid is raised up and its seat is placed down. to the left of the toilet is a tiled wall that is white with one green tile in the center. attached to this tile wall is a toilet paper roll holder that has a gray plastic cover. there is a brown wooden door with a silver handle to the right of the toilet.,a white toilet is in a bathroom with a brown door and a brown shelf above it on the wall above the toilet is a black hat on the floor and a brown door on the wall above the toilet is a brown door with a brown handle on the top of it and a green tile on the bottom of the door and a brown door with a silver handle on the bottom of it and a white wall above it with a green tile on the bottom of the wall and a brown tile on the floor
/home/juneyonglee/Desktop/leejuyong/dacon-scpc/data/stanford_image_paragraph/archive/stanford_img/content/stanford_images/2383151.jpg,a large red cow lies in a pasture. the red cow has sharp white horns. the field he is laying in is a mixture of green grass and dying brown grass. behind the cow is a wooden fence.,a brown cow is laying down on the ground in front of a wooden fence in a field of grass on a sunny day
/home/juneyonglee/Desktop/leejuyong/dacon-scpc/data/stanford_image_paragraph/archive/stanford_img/content/stanford_images/2404930.jpg,there is a large bus driving on the street. there is a white sign on the side of the bus. there are many cars on the street behind the bus. there are trees lining the street in front of the sidewalk. there is buildings that you can see behind the cars on the street. there is clear blue sky above them.,"a red double decker bus is driving down a street in a city on a sunny day, with a large tree in the foreground and a few people walking on the sidewalk in the background on the sidewalk, and a car parked on the sidewalk in front of the bus, as well as a bicycle on the sidewalk in front of the bus, and a large tree with no leaves on it, is in the street in front of a row of buildings on the side of the street, and a few"
/home/juneyonglee/Desktop/leejuyong/dacon-scpc/data/stanford_image_paragraph/archive/stanford_img/content/stanford_images/2323633.jpg,this photo is taken on a baseball field on a sunny day. a batter is wearing a red and white uniform and a red helmet. he is swinging a bat that is in his hands. a catcher is bending down on the ground behind the batter. he is wearing a face mask and holding a baseball glove on his hand. an umpire dressed in black and gray is squatting behind the catcher. there are many spectators sitting in the stands watching the game.,"a baseball player is standing on a baseball field with a white bat in his hands and a red and white uniform on his shirt and pants, and a black helmet on his head and a black and white glove on his hands is behind him on the baseball field, and a man in a black shirt and black pants is squatting behind the catcher and holding a white baseball bat in his hands and a white baseball in his hand and a white baseball bat in his hand and a white baseball"
/home/juneyonglee/Desktop/leejuyong/dacon-scpc/data/stanford_image_paragraph/archive/stanford_img/content/stanford_images/2346624.jpg,a white building sits behind a black fence. there is a black car on the street. there are people walking in front of the building.,a white truck is parked on a street in front of a large white building with a red and black sign on the front of it in front of it on the street is a large white building with a large white and black sign on the front of it on the street in front of it is a large white building with a black fence on the front of it and a large white building with a black car parked on the street behind it on the sidewalk in front of the building is a large white building
/home/juneyonglee/Desktop/leejuyong/dacon-scpc/data/stanford_image_paragraph/archive/stanford_img/content/stanford_images/2341303.jpg,"a glass mason jar serves as a glass for a drink. there are two large white bowls, one with white rice and the other with bright green broccoli. the bowls and glass are on a wooden table. next to the bowls is a large white plate with a bed of lettuce and an egg sandwich in a bun.","a plate of food is sitting on a wooden table in a restaurant or restaurant, with a glass jar of salt and pepper shakers in the background on the table, and a white plate with green trim around it, and a burger with an egg on top of it, and a pile of green broccoli on the side of it, and a white bowl of rice, and a white bowl of grated potatoes on the side, and a white bowl of grated potatoes, and a white"
/home/juneyonglee/Desktop/leejuyong/dacon-scpc/data/stanford_image_paragraph/archive/stanford_img/content/stanford_images/2393066.jpg,there is a black cat in a box. the box is made of wood. there are compartments lining the sides of the boxes. in the compartment the color is a light blue and it looks fairly dirty. there are two straps at the top of the box that attaches it to another box that may be the box ' s top. the cat seems to be asleep. his head is resting on his hind quarters and his tails is wrapped around his body.,"a black cat is sitting in a suitcase on a blue wall in a room of a home, which is painted white and has a wooden frame around the bottom of the suitcase, and a brown handle on the bottom of the suitcase, and a metal latch on the top of the handle of the suitcase, is visible in the box, which is open and there are several empty cardboard boxes in the bottom of the suitcase, and the cat is looking at the camera, which is looking at the camera,"
/home/juneyonglee/Desktop/leejuyong/dacon-scpc/data/stanford_image_paragraph/archive/stanford_img/content/stanford_images/2413853.jpg,"the older gentlemen are standing in a dimly lit room holding wine glasses. one man is wearing a blue polo shirt, brown pants and a black belt, one is wearing a tan suit jacket, tan pants and a blue tie and the one is wearing a striped button - down. the room contains a long, rectangular table and on that table is many bottles of wine. behind the gentlemen is a small group of people standing near the table.","three men are standing in a room together, smiling and posing for a picture in front of them on a table with a white tablecloth on it and a white tablecloth on it with a white tablecloth on it and a white tablecloth on it with a white tablecloth on it and a white tablecloth on it with a white tablecloth on it and a white tablecloth on it with a white tablecloth on it and a white tablecloth on it with a white tablecloth on it"
