ID,Question_1,Combined_Answer_1,Question_2,Combined_Answer_2,Question_3,Combined_Answer_3,Question_4,Combined_Answer_4,Question_5,Combined_Answer_5,Question_6,Combined_Answer_6
TEST_000,What can you see in the image?,"apples, fruit, fruits",What is the image that contains?,"apples, fruit, fruits, pile",Who is the person in the image?,"no one, vendor",What does the image contain?,"fruit, fruits",Where is the image located?,"kitchen, market",Where does the image appear?,"fruit stand, in fruit shop, in kitchen, kitchen, market"
TEST_001,What can you see in the image?,"dumplings, noodles, pot, wontons",What is the image that contains?,"dumplings, pot",Who is the person in the image?,no one,What does the image contain?,"dumplings, food",Where is the image located?,"in pan, in pot, pan, under spoon",Where does the image appear?,"in pan, in pot"
TEST_002,What can you see in the image?,"mountains, woman",What is the image that contains?,"mountain, mountains, water",Who is the person in the image?,"man, woman",What does the image contain?,"cliff, mountain, mountains, view",Where is the image located?,"cliff, mountains",Where does the image appear?,"cliff, mountains"
TEST_003,What can you see in the image?,"mountain, mountains",What is the image that contains?,"group of people, mountain, mountains, ship",Who is the person in the image?,"captain, group, group of people, passengers, skier",What does the image contain?,"mountains, ship",Where is the image located?,"airport, dock, mountains, near water, on dock",Where does the image appear?,"airport, mountains, near dock, ocean"
TEST_004,What can you see in the image?,"girl, ice, ice skating, woman",What is the image that contains?,"audience, ballet, ice",Who is the person in the image?,"performer, skater",What does the image contain?,"ballet, girl, ice, ice skating",Where is the image located?,"arena, circus, ice, ice rink",Where does the image appear?,"arena, circus, ice rink"
TEST_005,What can you see in the image?,"sail, sailboats",What is the image that contains?,"boats, sail",Who is the person in the image?,man,What does the image contain?,"boats, sail",Where is the image located?,"beach, ocean",Where does the image appear?,"beach, ocean"
TEST_006,What can you see in the image?,"bird, dolphin, sail",What is the image that contains?,"dolphin, water",Who is the person in the image?,"diver, no one, nobody, surfer",What does the image contain?,"dolphin, water",Where is the image located?,ocean,Where does the image appear?,ocean
TEST_007,What can you see in the image?,man,What is the image that contains?,"cockpit, engine, jet, pilot, space shuttle",Who is the person in the image?,pilot,What does the image contain?,"jet, man, pilot",Where is the image located?,"cockpit, hangar, in hangar, in hanger, space, wall",Where does the image appear?,"in cockpit, in hangar, jet, space"
TEST_008,What can you see in the image?,"building, group of people, people, people riding bikes, trees",What is the image that contains?,"bicyclists, people, people riding bikes, street, tree",Who is the person in the image?,"cyclist, no one",What does the image contain?,"bicyclists, building, people, street",Where is the image located?,"city, park, street",Where does the image appear?,"bike lane, city, on street, outside, park"
TEST_009,What can you see in the image?,"girl, ice cream, woman, woman ', woman ' s face",What is the image that contains?,"teeth, tongue, woman '",Who is the person in the image?,woman,What does the image contain?,"donut, ice cream, tongue, woman, woman '",Where is the image located?,"background, field, park",Where does the image appear?,"field, park"
TEST_010,What can you see in the image?,"person, snow, tree, windows",What is the image that contains?,"person, snow, window",Who is the person in the image?,"man, no one, woman",What does the image contain?,"person, snow",Where is the image located?,"outside, restaurant, window",Where does the image appear?,"in living room, in restaurant, near window, outside window, restaurant, window"
TEST_011,What can you see in the image?,hair salon,What is the image that contains?,"hair, hair stylist, hairdresser",Who is the person in the image?,barber,What does the image contain?,"barber, barber shop, hair, hair salon",Where is the image located?,"barber shop, hair salon, salon, wall",Where does the image appear?,"barber shop, salon"
TEST_012,What can you see in the image?,"boy, shadow, skate, skateboard",What is the image that contains?,"frisbee, jumping, shadow, skate, skateboard",Who is the person in the image?,"boy, child",What does the image contain?,"jumping, shadow, skate, skateboard",Where is the image located?,"backyard, ground, park, pool, skate park",Where does the image appear?,"backyard, in pool, park, skate park"
TEST_013,What can you see in the image?,"family, food, man",What is the image that contains?,family,Who is the person in the image?,"family, man",What does the image contain?,family,Where is the image located?,kitchen,Where does the image appear?,"in kitchen, kitchen"
TEST_014,What can you see in the image?,ice cream,What is the image that contains?,ice cream,Who is the person in the image?,"no one, nobody",What does the image contain?,ice cream,Where is the image located?,"ice cream shop, store, tv",Where does the image appear?,"ice cream shop, in front of window, in store, store"
TEST_015,What can you see in the image?,"building, buildings, mountains",What is the image that contains?,"landscape, scenery, sun",Who is the person in the image?,"man, no one, nobody, photographer",What does the image contain?,"buildings, scenery",Where is the image located?,japan,Where does the image appear?,japan
TEST_016,What can you see in the image?,tractor,What is the image that contains?,tractor,Who is the person in the image?,farmer,What does the image contain?,tractor,Where is the image located?,"countryside, field",Where does the image appear?,"country, countryside, field"
TEST_017,What can you see in the image?,"food, soup",What is the image that contains?,"bowl, carrot, soup",Who is the person in the image?,no one,What does the image contain?,"food, soup",Where is the image located?,"restaurant, table",Where does the image appear?,"bowl, in bowl, table"
TEST_018,What can you see in the image?,"ball, man, net, volleyball, volleyball player",What is the image that contains?,"ball, blur, volleyball",Who is the person in the image?,"man, player",What does the image contain?,"ball, volleyball",Where is the image located?,"beach, court",Where does the image appear?,"beach, court, on court, volleyball court"
TEST_019,What can you see in the image?,"people, people in bike",What is the image that contains?,"exercise, group, people",Who is the person in the image?,"cyclist, group, man, woman",What does the image contain?,"group of people, people",Where is the image located?,"gym, in gym",Where does the image appear?,"gym, in gym"
TEST_020,What can you see in the image?,"men, water",What is the image that contains?,"rowing, water",Who is the person in the image?,"men, rower",What does the image contain?,"rowing, water, water polo",Where is the image located?,water,Where does the image appear?,"lake, ocean, water"
TEST_021,What can you see in the image?,"sea creatures, turtle",What is the image that contains?,"sea, seaweed, turtle",Who is the person in the image?,"diver, no one",What does the image contain?,"sea life, turtle",Where is the image located?,underwater,Where does the image appear?,underwater
TEST_022,What can you see in the image?,"coffee, reflection, shadow, steam",What is the image that contains?,"coffee, smoke, steam",Who is the person in the image?,no one,What does the image contain?,"coffee, smoke, steam",Where is the image located?,"coffee, coffee table, table",Where does the image appear?,"coffee, coffee table, on table"
TEST_023,What can you see in the image?,"boy, cookies, food, girl, mother and daughter, woman",What is the image that contains?,"cookies, father and son, food, mother ' s smile, mother and daughter, toddler",Who is the person in the image?,"boy, man, woman",What does the image contain?,"boy, cookies, food, mother and child",Where is the image located?,kitchen,Where does the image appear?,kitchen
TEST_024,What can you see in the image?,"cell, cell phone, wallet",What is the image that contains?,"calculator, cell phone, wallet",Who is the person in the image?,no one,What does the image contain?,"cell, wallet",Where is the image located?,table,Where does the image appear?,"on table, table"
TEST_025,What can you see in the image?,polar bear,What is the image that contains?,polar bear,Who is the person in the image?,"no one, photographer",What does the image contain?,polar bear,Where is the image located?,"antarctica, glacier",Where does the image appear?,"antarctica, glacier, ice"
TEST_026,What can you see in the image?,"arm, hand, latte",What is the image that contains?,"hand, heart, latte, window",Who is the person in the image?,"barista, man",What does the image contain?,"barista, hot chocolate, latte",Where is the image located?,"coffee, coffee shop, window",Where does the image appear?,"coffee, coffee shop"
TEST_027,What can you see in the image?,surfer,What is the image that contains?,water,Who is the person in the image?,surfer,What does the image contain?,"surfer, water",Where is the image located?,ocean,Where does the image appear?,ocean
TEST_028,What can you see in the image?,"camel, pyramid",What is the image that contains?,pyramid,Who is the person in the image?,"biker, group, tourists",What does the image contain?,"camel, pyramid, pyramids",Where is the image located?,desert,Where does the image appear?,desert
TEST_029,What can you see in the image?,"cars, race, racers",What is the image that contains?,"motorcyclist, motorcyclists, race",Who is the person in the image?,"driver, racers",What does the image contain?,"race, racers",Where is the image located?,racetrack,Where does the image appear?,racetrack
TEST_030,What can you see in the image?,"hand, woman, woman ' s hair",What is the image that contains?,"cleaning, woman, woman ' s face",Who is the person in the image?,"man, woman",What does the image contain?,"cleaning, scrubber, woman",Where is the image located?,"in kitchen, kitchen",Where does the image appear?,"in kitchen, kitchen"
TEST_031,What can you see in the image?,"bathtub, sinks, toilet",What is the image that contains?,"bathroom, bathtub, bowls, toilet",Who is the person in the image?,"no one, nobody, photographer",What does the image contain?,"bathroom, bathtub, bowls, toilet",Where is the image located?,bathroom,Where does the image appear?,bathroom
TEST_032,What can you see in the image?,train,What is the image that contains?,"blur, train",Who is the person in the image?,"conductor, no one, nobody",What does the image contain?,train,Where is the image located?,"countryside, field, train tracks",Where does the image appear?,"countryside, field, train tracks"
TEST_033,What can you see in the image?,food,What is the image that contains?,food,Who is the person in the image?,"chef, no one, waiter",What does the image contain?,food,Where is the image located?,"kitchen, restaurant, table",Where does the image appear?,"kitchen, restaurant"
TEST_034,What can you see in the image?,"child, little girl",What is the image that contains?,"baby, toddler",Who is the person in the image?,"child, toddler",What does the image contain?,"child, child playing, child riding bike, toddler",Where is the image located?,park,Where does the image appear?,"garden, in park, park"
TEST_035,What can you see in the image?,laptop,What is the image that contains?,laptop,Who is the person in the image?,no one,What does the image contain?,laptop,Where is the image located?,"desk, office, table, window",Where does the image appear?,"desk, in office, office, window"
TEST_036,What can you see in the image?,"girl, stack of books, woman",What is the image that contains?,"hair, homework, window, writing",Who is the person in the image?,"girl, woman",What does the image contain?,"food, homework, writing",Where is the image located?,"classroom, in room, table, window",Where does the image appear?,"classroom, desk, in office, in room, kitchen, window"
TEST_037,What can you see in the image?,"baseball, baseball players, grass",What is the image that contains?,baseball,Who is the person in the image?,"baseball player, baseball players",What does the image contain?,baseball,Where is the image located?,"baseball field, field",Where does the image appear?,baseball field
TEST_038,What can you see in the image?,"chair, coffee maker, table, window",What is the image that contains?,"shadow, tabletop, window",Who is the person in the image?,no one,What does the image contain?,"coffee table, part of window, shadow, window",Where is the image located?,"dining, in room, kitchen, living room, table, window",Where does the image appear?,"coffee shop, dining, in room, kitchen, living room"
TEST_039,What can you see in the image?,"man, people, woman",What is the image that contains?,"blur, hair, head, portrait, profile",Who is the person in the image?,"man, woman",What does the image contain?,"man, people, person, woman",Where is the image located?,living room,Where does the image appear?,"in living room, living room"
TEST_040,What can you see in the image?,"children, group, pumpkin",What is the image that contains?,"group, jack o lantern, pumpkin",Who is the person in the image?,children,What does the image contain?,"group, people, pumpkin",Where is the image located?,"parade, park, street",Where does the image appear?,"halloween, in park, street"
TEST_041,What can you see in the image?,"girl, stack of books, woman",What is the image that contains?,"hair, homework, window, writing",Who is the person in the image?,"girl, woman",What does the image contain?,"food, homework, writing",Where is the image located?,"classroom, in room, table, window",Where does the image appear?,"classroom, desk, in office, in room, kitchen, window"
TEST_042,What can you see in the image?,"buildings, people",What is the image that contains?,"balloons, people, people walking, rain, street",Who is the person in the image?,pedestrians,What does the image contain?,"balloons, rain, umbrella",Where is the image located?,"alley, china, city, street",Where does the image appear?,"alley, china, city"
TEST_043,What can you see in the image?,"sail, sailboat",What is the image that contains?,"sail, sailboat",Who is the person in the image?,"no one, nobody",What does the image contain?,sailboat,Where is the image located?,ocean,Where does the image appear?,ocean
TEST_044,What can you see in the image?,"rows of bottles, shelves",What is the image that contains?,"books, shelves, wine",Who is the person in the image?,"bartender, man, no one",What does the image contain?,"shelves, wine",Where is the image located?,"library, store",Where does the image appear?,"cellar, in bar, in library, library"
TEST_045,What can you see in the image?,"hair, hairdresser, mannequin",What is the image that contains?,"clothing, hair, mannequin",Who is the person in the image?,"group, hair stylist, hairdresser, mannequin, woman",What does the image contain?,"clothes, group, hair, hairdresser, mannequin",Where is the image located?,"art gallery, hair salon, in front of people, in room, near mannequin",Where does the image appear?,"art exhibit, hair salon, in store, in studio, party, salon"
TEST_046,What can you see in the image?,buildings,What is the image that contains?,"church, sunset, town",Who is the person in the image?,"photographer, skier",What does the image contain?,"buildings, sunset",Where is the image located?,"beach, near water, ocean, on cliff, town, village",Where does the image appear?,"near beach, ocean, on cliff, town, village"
TEST_047,What can you see in the image?,cats,What is the image that contains?,"cat, cats",Who is the person in the image?,"no one, nobody",What does the image contain?,cats,Where is the image located?,"field, yard",Where does the image appear?,yard
TEST_048,What can you see in the image?,"bird, flowers, macaw",What is the image that contains?,"flowers, parrot",Who is the person in the image?,no one,What does the image contain?,"bird, flowers, parrot",Where is the image located?,"forest, jungle",Where does the image appear?,jungle
TEST_049,What can you see in the image?,"man, skateboard",What is the image that contains?,"log, number, skate",Who is the person in the image?,"athlete, runner, skateboarder, skater",What does the image contain?,"athlete, number, skateboard, skateboarder",Where is the image located?,"in woods, race, race track, skate park",Where does the image appear?,"log, race, skate park"
TEST_050,What can you see in the image?,"basketball, man, wheelchair",What is the image that contains?,"ball, basketball, wheelchair",Who is the person in the image?,"athlete, basketball player, man, wheelchair, wheelchair man",What does the image contain?,"basketball, players, wheelchair",Where is the image located?,"court, gym, gymnasium, wheelchair",Where does the image appear?,"basketball court, gymnasium, wheelchair court"
TEST_051,What can you see in the image?,"clothes, clothing",What is the image that contains?,clothing,Who is the person in the image?,"two women, woman, women",What does the image contain?,clothing,Where is the image located?,"clothing store, store",Where does the image appear?,clothing store
TEST_052,What can you see in the image?,"couple, painting, paintings, woman",What is the image that contains?,"laptop, painting, picture",Who is the person in the image?,"man, man and woman, woman",What does the image contain?,"beach, painting, paintings, picture",Where is the image located?,beach,Where does the image appear?,beach
TEST_053,What can you see in the image?,"hair, hairdresser, mannequin",What is the image that contains?,"clothing, hair, mannequin",Who is the person in the image?,"group, hair stylist, hairdresser, mannequin, woman",What does the image contain?,"clothes, group, hair, hairdresser, mannequin",Where is the image located?,"art gallery, hair salon, in front of people, in room, near mannequin",Where does the image appear?,"art exhibit, hair salon, in store, in studio, party, salon"
TEST_054,What can you see in the image?,"beach, crowd, people, vendors",What is the image that contains?,"crowd, market, parade, shadow",Who is the person in the image?,"dancer, man, men, native, people, woman",What does the image contain?,"beach, crowd, parade, people",Where is the image located?,"africa, beach",Where does the image appear?,"beach, market"
TEST_055,What can you see in the image?,"bride, bride and groom",What is the image that contains?,"bride, wedding",Who is the person in the image?,bride,What does the image contain?,"bride, flowers, wedding",Where is the image located?,wedding,Where does the image appear?,"at wedding, wedding"
TEST_056,What can you see in the image?,dog,What is the image that contains?,"dog, snow",Who is the person in the image?,"no one, nobody",What does the image contain?,dog,Where is the image located?,"field, ground, woods",Where does the image appear?,"in snow, in woods"
TEST_057,What can you see in the image?,"girl, ice, ice skating, woman",What is the image that contains?,"audience, ballet, ice",Who is the person in the image?,"performer, skater",What does the image contain?,"ballet, girl, ice, ice skating",Where is the image located?,"arena, circus, ice, ice rink",Where does the image appear?,"arena, circus, ice rink"
TEST_058,What can you see in the image?,"birthday, man, woman",What is the image that contains?,"balloons, birthday",Who is the person in the image?,"man, man and woman, woman",What does the image contain?,"balloons, birthday",Where is the image located?,kitchen,Where does the image appear?,"birthday party, kitchen"
TEST_059,What can you see in the image?,"food, spoon",What is the image that contains?,"bowl, soup",Who is the person in the image?,no one,What does the image contain?,"food, soup",Where is the image located?,"bowl, on table, table",Where does the image appear?,"bowl, in bowl, table"
TEST_060,What can you see in the image?,man,What is the image that contains?,"cockpit, engine, jet, pilot, space shuttle",Who is the person in the image?,pilot,What does the image contain?,"jet, man, pilot",Where is the image located?,"cockpit, hangar, in hangar, in hanger, space, wall",Where does the image appear?,"in cockpit, in hangar, jet, space"
TEST_061,What can you see in the image?,"bread, corn, croissants, pastries",What is the image that contains?,"bread, croissants, hot dogs",Who is the person in the image?,"baker, no one, nobody",What does the image contain?,"bread, croissants, food, pastries",Where is the image located?,"bakery, food, near bread, near spoon",Where does the image appear?,"bakery, in oven, near bread, near food, near pastries"
TEST_062,What can you see in the image?,flamingo,What is the image that contains?,flamingo,Who is the person in the image?,nobody,What does the image contain?,flamingo,Where is the image located?,lake,Where does the image appear?,lake
TEST_063,What can you see in the image?,"hills, mountain, path, train",What is the image that contains?,"cliff, landscape, mountain",Who is the person in the image?,"no one, photographer",What does the image contain?,"hills, landscape, mountain",Where is the image located?,"countryside, hillside, mountains, valley",Where does the image appear?,"countryside, mountain, valley"
TEST_064,What can you see in the image?,cat,What is the image that contains?,"cat, window",Who is the person in the image?,"no one, nobody",What does the image contain?,cat,Where is the image located?,window,Where does the image appear?,window
TEST_065,What can you see in the image?,"buildings, people",What is the image that contains?,"balloons, people, people walking, rain, street",Who is the person in the image?,pedestrians,What does the image contain?,"balloons, rain, umbrella",Where is the image located?,"alley, china, city, street",Where does the image appear?,"alley, china, city"
TEST_066,What can you see in the image?,"cheese, glasses, wine",What is the image that contains?,"cheese, wine",Who is the person in the image?,"man, no one",What does the image contain?,"cheese, wine",Where is the image located?,"restaurant, table",Where does the image appear?,"dining room, restaurant"
TEST_067,What can you see in the image?,"man, pool, truck, water",What is the image that contains?,"pool, sun",Who is the person in the image?,"man, photographer, surfer",What does the image contain?,"man, pool, sun",Where is the image located?,"beach, near pool, pool, sky",Where does the image appear?,"beach, ocean, pool"
TEST_068,What can you see in the image?,crowd,What is the image that contains?,crowd,Who is the person in the image?,"crowd, group of people, photographer, soldiers",What does the image contain?,"crowd, soldiers",Where is the image located?,"buckingham palace, in courtyard, parade, square, stadium",Where does the image appear?,"buckingham palace, in courtyard, parade, stadium"
TEST_069,What can you see in the image?,"building, buildings, people, school, students",What is the image that contains?,"field, group, group of people, people, school",Who is the person in the image?,students,What does the image contain?,"people, school, students",Where is the image located?,park,Where does the image appear?,"field, in park, park"
TEST_070,What can you see in the image?,"child, little girl",What is the image that contains?,"baby, toddler",Who is the person in the image?,"child, toddler",What does the image contain?,"child, child playing, child riding bike, toddler",Where is the image located?,park,Where does the image appear?,"garden, in park, park"
TEST_071,What can you see in the image?,"buoys, fishing boats, fishing net, fishing nets, man",What is the image that contains?,"fishing, fishing net, ropes",Who is the person in the image?,"fisherman, man",What does the image contain?,"fishing equipment, fishing nets, lobster",Where is the image located?,"dock, harbor, water",Where does the image appear?,"boat, harbor"
TEST_072,What can you see in the image?,city,What is the image that contains?,city,Who is the person in the image?,man,What does the image contain?,city,Where is the image located?,city,Where does the image appear?,city
TEST_073,What can you see in the image?,"frisbee, man, man ' s legs, man ' s shadow",What is the image that contains?,"ball, hands, man, stadium",Who is the person in the image?,"athlete, man, runner",What does the image contain?,"athlete, ball, frisbee, man, man ' s legs, man ' s shadow, tennis",Where is the image located?,"court, field, stadium, tennis court, track",Where does the image appear?,"stadium, tennis court"
TEST_074,What can you see in the image?,"birds, flock of birds",What is the image that contains?,"birds, flock of birds",Who is the person in the image?,"farmer, no one",What does the image contain?,birds,Where is the image located?,field,Where does the image appear?,field
TEST_075,What can you see in the image?,helicopter,What is the image that contains?,helicopter,Who is the person in the image?,pilot,What does the image contain?,helicopter,Where is the image located?,"field, sky",Where does the image appear?,"field, in sky, sky"
TEST_076,What can you see in the image?,eiffel tower,What is the image that contains?,eiffel tower,Who is the person in the image?,"nobody, photographer",What does the image contain?,eiffel tower,Where is the image located?,paris,Where does the image appear?,paris
TEST_077,What can you see in the image?,cats,What is the image that contains?,"cat, cats",Who is the person in the image?,"no one, nobody",What does the image contain?,cats,Where is the image located?,"field, yard",Where does the image appear?,yard
TEST_078,What can you see in the image?,"airplane, plane",What is the image that contains?,"clouds, plane, wing",Who is the person in the image?,"no one, pilot",What does the image contain?,"clouds, plane",Where is the image located?,"in sky, sky",Where does the image appear?,"in sky, sky"
TEST_079,What can you see in the image?,"boy, cookies, food, girl, mother and daughter, woman",What is the image that contains?,"cookies, father and son, food, mother ' s smile, mother and daughter, toddler",Who is the person in the image?,"boy, man, woman",What does the image contain?,"boy, cookies, food, mother and child",Where is the image located?,kitchen,Where does the image appear?,kitchen
TEST_080,What can you see in the image?,"canoe, kayak, man, man paddling, trees",What is the image that contains?,kayak,Who is the person in the image?,"kayaker, man",What does the image contain?,"kayak, paddle",Where is the image located?,"lake, water",Where does the image appear?,lake
TEST_081,What can you see in the image?,"boy, man, people, woman",What is the image that contains?,"ball, rock, water slide",Who is the person in the image?,"boy, woman",What does the image contain?,"climbing, climbing rocks, rock, skateboard",Where is the image located?,"indoor climbing, indoors, wall",Where does the image appear?,"in climbing wall, in room, indoor climbing, indoor climbing facility, indoor climbing wall, indoor playground"
TEST_082,What can you see in the image?,"boy, shadow, skate, skateboard",What is the image that contains?,"frisbee, jumping, shadow, skate, skateboard",Who is the person in the image?,"boy, child",What does the image contain?,"jumping, shadow, skate, skateboard",Where is the image located?,"backyard, ground, park, pool, skate park",Where does the image appear?,"backyard, in pool, park, skate park"
TEST_083,What can you see in the image?,"birds, flock of birds",What is the image that contains?,"birds, flock of birds",Who is the person in the image?,"farmer, no one",What does the image contain?,birds,Where is the image located?,field,Where does the image appear?,field
TEST_084,What can you see in the image?,family,What is the image that contains?,family,Who is the person in the image?,family,What does the image contain?,family,Where is the image located?,"living room, wall",Where does the image appear?,"in living room, living room"
TEST_085,What can you see in the image?,"city, sun",What is the image that contains?,"setting, sun",Who is the person in the image?,"bicyclist, cyclist, photographer, surfer",What does the image contain?,"setting, sun",Where is the image located?,"beach, lake, park",Where does the image appear?,"lake, ocean, park"
TEST_086,What can you see in the image?,trees,What is the image that contains?,"galaxy, trees",Who is the person in the image?,"no one, nobody, photographer",What does the image contain?,"sky, stars, trees",Where is the image located?,"field, forest",Where does the image appear?,"forest, in forest, under clouds"
TEST_087,What can you see in the image?,parasail,What is the image that contains?,"parachute, parasail",Who is the person in the image?,"man, windsurfer",What does the image contain?,"parachute, parasail",Where is the image located?,"beach, sky",Where does the image appear?,"beach, sky"
TEST_088,What can you see in the image?,"girl, ice, ice skating, woman",What is the image that contains?,"audience, ballet, ice",Who is the person in the image?,"performer, skater",What does the image contain?,"ballet, girl, ice, ice skating",Where is the image located?,"arena, circus, ice, ice rink",Where does the image appear?,"arena, circus, ice rink"
TEST_089,What can you see in the image?,"cars, houses, tree",What is the image that contains?,"street, tree",Who is the person in the image?,"no one, nobody",What does the image contain?,"neighborhood, street, trees",Where is the image located?,street,Where does the image appear?,street
TEST_090,What can you see in the image?,cat,What is the image that contains?,"cat, window",Who is the person in the image?,"no one, nobody",What does the image contain?,cat,Where is the image located?,window,Where does the image appear?,window
TEST_091,What can you see in the image?,"art, people, statues",What is the image that contains?,"art, bust, group, group of people, statue",Who is the person in the image?,"group, group of people, man, students",What does the image contain?,"art, statues",Where is the image located?,museum,Where does the image appear?,museum
TEST_092,What can you see in the image?,"girl, water",What is the image that contains?,"playground, pool, splash, water",Who is the person in the image?,girl,What does the image contain?,"playground, slide, water",Where is the image located?,"playground, pool, water",Where does the image appear?,"playground, pool, water"
TEST_093,What can you see in the image?,"building, buildings, people, school, students",What is the image that contains?,"field, group, group of people, people, school",Who is the person in the image?,students,What does the image contain?,"people, school, students",Where is the image located?,park,Where does the image appear?,"field, in park, park"
TEST_094,What can you see in the image?,"frisbee, people, people playing frisbee, people playing in sand",What is the image that contains?,"beach, frisbee, sand",Who is the person in the image?,family,What does the image contain?,"beach, frisbee, people",Where is the image located?,beach,Where does the image appear?,beach
TEST_095,What can you see in the image?,chalkboard,What is the image that contains?,"chalk, chalkboard, classroom, map",Who is the person in the image?,teacher,What does the image contain?,"chalkboard, chart, children, classroom, map",Where is the image located?,"chalkboard, classroom",Where does the image appear?,classroom
TEST_096,What can you see in the image?,"man, skateboard",What is the image that contains?,"log, number, skate",Who is the person in the image?,"athlete, runner, skateboarder, skater",What does the image contain?,"athlete, number, skateboard, skateboarder",Where is the image located?,"in woods, race, race track, skate park",Where does the image appear?,"log, race, skate park"
TEST_097,What can you see in the image?,"gazelle, giraffe",What is the image that contains?,"antelope, gazelle",Who is the person in the image?,"no one, nobody",What does the image contain?,"antelope, deer",Where is the image located?,forest,Where does the image appear?,forest
TEST_098,What can you see in the image?,horse,What is the image that contains?,horse,Who is the person in the image?,jockey,What does the image contain?,horse,Where is the image located?,racetrack,Where does the image appear?,racetrack
TEST_099,What can you see in the image?,"seagull, turtle",What is the image that contains?,turtle,Who is the person in the image?,diver,What does the image contain?,turtle,Where is the image located?,underwater,Where does the image appear?,underwater
TEST_100,What can you see in the image?,ice cream,What is the image that contains?,ice cream,Who is the person in the image?,"no one, nobody",What does the image contain?,ice cream,Where is the image located?,"ice cream shop, store, tv",Where does the image appear?,"ice cream shop, in front of window, in store, store"
TEST_101,What can you see in the image?,"grill, knife",What is the image that contains?,"fire, grill",Who is the person in the image?,"chef, no one, nobody",What does the image contain?,"bbq, fire, flames",Where is the image located?,"background, grill, in grill, in woods",Where does the image appear?,"grill, in grill, in woods"
TEST_102,What can you see in the image?,"food, noodles",What is the image that contains?,"bowl, food, noodles",Who is the person in the image?,no one,What does the image contain?,"food, noodles",Where is the image located?,table,Where does the image appear?,"bowl, table"
TEST_103,What can you see in the image?,"dolphins, group of dolphins",What is the image that contains?,"coral, dolphins, group of dolphins",Who is the person in the image?,diver,What does the image contain?,"dolphins, group of dolphins",Where is the image located?,underwater,Where does the image appear?,underwater
TEST_104,What can you see in the image?,"barista, man, man ' s face, man ' s hand, shelves",What is the image that contains?,"barista, blender, food",Who is the person in the image?,"barista, chef",What does the image contain?,"barista, man, man ' s face",Where is the image located?,"coffee, in kitchen, kitchen",Where does the image appear?,"in kitchen, kitchen"
TEST_105,What can you see in the image?,"man, woman",What is the image that contains?,ice,Who is the person in the image?,skater,What does the image contain?,ice,Where is the image located?,"ice, ice rink",Where does the image appear?,"ice, ice rink"
TEST_106,What can you see in the image?,"horses, tents",What is the image that contains?,"horses, kite, landscape, mountains",Who is the person in the image?,"children, man, riders",What does the image contain?,"horses, kite, mountains",Where is the image located?,"field, mountains",Where does the image appear?,"field, mountains"
TEST_107,What can you see in the image?,"hair dryer, mirror, reflection",What is the image that contains?,"hair, hair dryer, mirror",Who is the person in the image?,no one,What does the image contain?,"hair, makeup, reflection, table, vanity",Where is the image located?,"bathroom, bedroom",Where does the image appear?,"bathroom, bedroom, in bedroom"
TEST_108,What can you see in the image?,laptop,What is the image that contains?,laptop,Who is the person in the image?,no one,What does the image contain?,laptop,Where is the image located?,"desk, office, table, window",Where does the image appear?,"desk, in office, office, window"
TEST_109,What can you see in the image?,"person, snow, tree, windows",What is the image that contains?,"person, snow, window",Who is the person in the image?,"man, no one, woman",What does the image contain?,"person, snow",Where is the image located?,"outside, restaurant, window",Where does the image appear?,"in living room, in restaurant, near window, outside window, restaurant, window"
TEST_110,What can you see in the image?,"bed, cat, lamp, pillows",What is the image that contains?,"bed, lamp, sun",Who is the person in the image?,no one,What does the image contain?,"cat, lamp, pillows, room",Where is the image located?,"bedroom, living room",Where does the image appear?,"bedroom, living room"
TEST_111,What can you see in the image?,"people, windows",What is the image that contains?,"people, room, tea",Who is the person in the image?,"family, man, men, students",What does the image contain?,"people, tea",Where is the image located?,"living room, room",Where does the image appear?,"dining room, in room, living room"
TEST_112,What can you see in the image?,"bowls, food",What is the image that contains?,"bowls, food",Who is the person in the image?,no one,What does the image contain?,food,Where is the image located?,table,Where does the image appear?,table
TEST_113,What can you see in the image?,"laptop, person, picture, woman",What is the image that contains?,"computer, laptop, light, person, website, woman",Who is the person in the image?,"man, no one, woman",What does the image contain?,"laptop, office, person, woman",Where is the image located?,"computer, living room, office, wall",Where does the image appear?,"living room, office"
TEST_114,What can you see in the image?,"group of men, man",What is the image that contains?,"blue, cargo, construction, group of men",Who is the person in the image?,"conductor, man, policeman",What does the image contain?,"blue, cargo, construction, group of men, man, sea",Where is the image located?,"dock, harbor, train yard",Where does the image appear?,"dock, shipyard, train yard"
TEST_115,What can you see in the image?,"building, buildings, mountains",What is the image that contains?,"landscape, scenery, sun",Who is the person in the image?,"man, no one, nobody, photographer",What does the image contain?,"buildings, scenery",Where is the image located?,japan,Where does the image appear?,japan
TEST_116,What can you see in the image?,"man, skateboard",What is the image that contains?,"log, number, skate",Who is the person in the image?,"athlete, runner, skateboarder, skater",What does the image contain?,"athlete, number, skateboard, skateboarder",Where is the image located?,"in woods, race, race track, skate park",Where does the image appear?,"log, race, skate park"
TEST_117,What can you see in the image?,"group of people, people, windows",What is the image that contains?,"group of people, meeting, office, white, window",Who is the person in the image?,"business people, man, woman",What does the image contain?,"meeting, office, people",Where is the image located?,office,Where does the image appear?,office
TEST_118,What can you see in the image?,"frisbee, girl, group of children, kite, little girl",What is the image that contains?,"frisbee, kite",Who is the person in the image?,"family, girl, group",What does the image contain?,"frisbee, kite",Where is the image located?,"field, park",Where does the image appear?,"field, park"
TEST_119,What can you see in the image?,"grill, knife",What is the image that contains?,"fire, grill",Who is the person in the image?,"chef, no one, nobody",What does the image contain?,"bbq, fire, flames",Where is the image located?,"background, grill, in grill, in woods",Where does the image appear?,"grill, in grill, in woods"
TEST_120,What can you see in the image?,sand castle,What is the image that contains?,sand castle,Who is the person in the image?,"child, girl, no one",What does the image contain?,"sand, sand castle",Where is the image located?,beach,Where does the image appear?,beach
TEST_121,What can you see in the image?,man,What is the image that contains?,weight,Who is the person in the image?,trainer,What does the image contain?,"boxers, man, muscle, sumo, weight",Where is the image located?,arena,Where does the image appear?,"arena, gym, gymnasium"
TEST_122,What can you see in the image?,"boy, family, flowers, group of people, woman",What is the image that contains?,"family, garden",Who is the person in the image?,"children, family, man, woman",What does the image contain?,"boy, family, garden",Where is the image located?,garden,Where does the image appear?,garden
TEST_123,What can you see in the image?,"clown, fire hydrant, parade",What is the image that contains?,"clown, parade",Who is the person in the image?,"boy, clown",What does the image contain?,"clown, parade",Where is the image located?,"parade, street",Where does the image appear?,parade
TEST_124,What can you see in the image?,"jewelry, men and mannequin, vase",What is the image that contains?,jewelry,Who is the person in the image?,"man, man and woman, shoppers, woman",What does the image contain?,jewelry,Where is the image located?,"in gallery, in shop, museum, store",Where does the image appear?,"in jewelry shop, jewelry shop, museum, store"
TEST_125,What can you see in the image?,water slide,What is the image that contains?,"pool, water, water slide",Who is the person in the image?,"children, swimmers, visitors",What does the image contain?,water,Where is the image located?,"pool, water",Where does the image appear?,"pool, water park"
TEST_126,What can you see in the image?,surfer,What is the image that contains?,"surfer, water, wave",Who is the person in the image?,surfer,What does the image contain?,"surfer, wave",Where is the image located?,ocean,Where does the image appear?,ocean
TEST_127,What can you see in the image?,"man, man ' s legs, men, runners, tennis players",What is the image that contains?,"ball, running, running man",Who is the person in the image?,"athlete, runner, runners",What does the image contain?,"players, race, runner, runners, running man",Where is the image located?,"field, tennis court, track",Where does the image appear?,"race, soccer field, tennis court, track"
TEST_128,What can you see in the image?,"basketball, basketball hoop",What is the image that contains?,"basketball, dunk",Who is the person in the image?,basketball player,What does the image contain?,basketball,Where is the image located?,"basketball court, court",Where does the image appear?,"basketball court, court"
TEST_129,What can you see in the image?,"skillet, woman, woman ' s hair",What is the image that contains?,"skillet, wok, woman",Who is the person in the image?,"chef, woman",What does the image contain?,"cooking, food, skillet, woman, woman cooking",Where is the image located?,kitchen,Where does the image appear?,"in kitchen, kitchen"
TEST_130,What can you see in the image?,"hair, hairdresser, mannequin",What is the image that contains?,"clothing, hair, mannequin",Who is the person in the image?,"group, hair stylist, hairdresser, mannequin, woman",What does the image contain?,"clothes, group, hair, hairdresser, mannequin",Where is the image located?,"art gallery, hair salon, in front of people, in room, near mannequin",Where does the image appear?,"art exhibit, hair salon, in store, in studio, party, salon"
TEST_131,What can you see in the image?,"building, buildings, mountains",What is the image that contains?,"landscape, scenery, sun",Who is the person in the image?,"man, no one, nobody, photographer",What does the image contain?,"buildings, scenery",Where is the image located?,japan,Where does the image appear?,japan
TEST_132,What can you see in the image?,"laptop, person, picture, woman",What is the image that contains?,"computer, laptop, light, person, website, woman",Who is the person in the image?,"man, no one, woman",What does the image contain?,"laptop, office, person, woman",Where is the image located?,"computer, living room, office, wall",Where does the image appear?,"living room, office"
TEST_133,What can you see in the image?,"crowd, hot air balloons, people",What is the image that contains?,"balloons, crowd",Who is the person in the image?,"group, spectators, tourists",What does the image contain?,"balloons, crowd, hot air, people",Where is the image located?,"city, crowd, mountains",Where does the image appear?,"crowd, mountains, on cliff"
TEST_134,What can you see in the image?,man,What is the image that contains?,"action, man, picture",Who is the person in the image?,man,What does the image contain?,"kendo, man, picture, uniform",Where is the image located?,wall,Where does the image appear?,"gym, gymnasium, in front of wall, in gymnasium, wall"
TEST_135,What can you see in the image?,"bird, flowers, macaw",What is the image that contains?,"flowers, parrot",Who is the person in the image?,no one,What does the image contain?,"bird, flowers, parrot",Where is the image located?,"forest, jungle",Where does the image appear?,jungle
TEST_136,What can you see in the image?,"group of people, hills, people",What is the image that contains?,"group, hat, landscape",Who is the person in the image?,"group, man, woman",What does the image contain?,"group, landscape, people",Where is the image located?,"balcony, countryside, mountains",Where does the image appear?,"balcony, countryside, hillside, on hillside, wine tasting"
TEST_137,What can you see in the image?,"man, reflection",What is the image that contains?,reflection,Who is the person in the image?,"engineer, man, pilot",What does the image contain?,"airplane, factory, man, plane, reflection",Where is the image located?,"ceiling, hangar, in hangar, warehouse",Where does the image appear?,"airplane, ceiling, hangar, in garage, warehouse"
TEST_138,What can you see in the image?,crowd,What is the image that contains?,crowd,Who is the person in the image?,"crowd, group of people, photographer, soldiers",What does the image contain?,"crowd, soldiers",Where is the image located?,"buckingham palace, in courtyard, parade, square, stadium",Where does the image appear?,"buckingham palace, in courtyard, parade, stadium"
TEST_139,What can you see in the image?,"group of people, people",What is the image that contains?,crowd,Who is the person in the image?,students,What does the image contain?,"crowd, people",Where is the image located?,"college campus, in park, park, university",Where does the image appear?,"college campus, in park, park"
TEST_140,What can you see in the image?,"children, frisbee, kids, people, playground",What is the image that contains?,"children, frisbee, people, playground",Who is the person in the image?,children,What does the image contain?,"children, frisbee, people, playground",Where is the image located?,"field, park",Where does the image appear?,"field, park"
TEST_141,What can you see in the image?,buildings,What is the image that contains?,"church, sunset, town",Who is the person in the image?,"photographer, skier",What does the image contain?,"buildings, sunset",Where is the image located?,"beach, near water, ocean, on cliff, town, village",Where does the image appear?,"near beach, ocean, on cliff, town, village"
TEST_142,What can you see in the image?,"man, woman",What is the image that contains?,ice,Who is the person in the image?,skater,What does the image contain?,ice,Where is the image located?,"ice, ice rink",Where does the image appear?,"ice, ice rink"
TEST_143,What can you see in the image?,"food, soup",What is the image that contains?,"bowl, carrot, soup",Who is the person in the image?,no one,What does the image contain?,"food, soup",Where is the image located?,"restaurant, table",Where does the image appear?,"bowl, in bowl, table"
TEST_144,What can you see in the image?,"bird, dolphin, sail",What is the image that contains?,"dolphin, water",Who is the person in the image?,"diver, no one, nobody, surfer",What does the image contain?,"dolphin, water",Where is the image located?,ocean,Where does the image appear?,ocean
TEST_145,What can you see in the image?,girl,What is the image that contains?,"balloon, balloons, bubble, flowers",Who is the person in the image?,girl,What does the image contain?,"balloons, bubble, flowers",Where is the image located?,"garden, park",Where does the image appear?,"garden, park"
TEST_146,What can you see in the image?,"ice, ice skaters, people",What is the image that contains?,ice,Who is the person in the image?,man,What does the image contain?,ice,Where is the image located?,"ice, ice rink",Where does the image appear?,"ice, ice rink"
TEST_147,What can you see in the image?,"baseball, baseball players, grass",What is the image that contains?,baseball,Who is the person in the image?,"baseball player, baseball players",What does the image contain?,baseball,Where is the image located?,"baseball field, field",Where does the image appear?,baseball field
TEST_148,What can you see in the image?,"fork, man, man in long sleeve, man in long sleeved shirt, pallet, pallets",What is the image that contains?,"boxes, pallet, warehouse",Who is the person in the image?,worker,What does the image contain?,"boxes, pallet, warehouse",Where is the image located?,warehouse,Where does the image appear?,warehouse
TEST_149,What can you see in the image?,"group of people, hills, people",What is the image that contains?,"group, hat, landscape",Who is the person in the image?,"group, man, woman",What does the image contain?,"group, landscape, people",Where is the image located?,"balcony, countryside, mountains",Where does the image appear?,"balcony, countryside, hillside, on hillside, wine tasting"
TEST_150,What can you see in the image?,"sail, sailboats",What is the image that contains?,"boats, sail",Who is the person in the image?,man,What does the image contain?,"boats, sail",Where is the image located?,"beach, ocean",Where does the image appear?,"beach, ocean"
TEST_151,What can you see in the image?,"food, knives, vegetables",What is the image that contains?,"food, tomatoes, vegetables",Who is the person in the image?,"no one, nobody",What does the image contain?,"food, vegetables",Where is the image located?,kitchen,Where does the image appear?,"in kitchen, kitchen"
TEST_152,What can you see in the image?,train,What is the image that contains?,"blur, train",Who is the person in the image?,"conductor, no one, nobody",What does the image contain?,train,Where is the image located?,"countryside, field, train tracks",Where does the image appear?,"countryside, field, train tracks"
TEST_153,What can you see in the image?,"ski, ski lift, ski tracks",What is the image that contains?,"chair, ski, ski lift, skier, snow",Who is the person in the image?,skier,What does the image contain?,"mountains, ski tracks, skier, snow",Where is the image located?,"mountains, ski slope",Where does the image appear?,"mountain, mountains, ski slope"
TEST_154,What can you see in the image?,"coffee, reflection, shadow, steam",What is the image that contains?,"coffee, smoke, steam",Who is the person in the image?,no one,What does the image contain?,"coffee, smoke, steam",Where is the image located?,"coffee, coffee table, table",Where does the image appear?,"coffee, coffee table, on table"
TEST_155,What can you see in the image?,"clown, fire hydrant, parade",What is the image that contains?,"clown, parade",Who is the person in the image?,"boy, clown",What does the image contain?,"clown, parade",Where is the image located?,"parade, street",Where does the image appear?,parade
TEST_156,What can you see in the image?,"hot air balloon, kite",What is the image that contains?,"hot air balloon, kite, sky",Who is the person in the image?,"man, no one",What does the image contain?,"hot air balloon, kite",Where is the image located?,"field, sky",Where does the image appear?,"field, sky"
TEST_157,What can you see in the image?,water slide,What is the image that contains?,"pool, water, water slide",Who is the person in the image?,"children, swimmers, visitors",What does the image contain?,water,Where is the image located?,"pool, water",Where does the image appear?,"pool, water park"
TEST_158,What can you see in the image?,"bride, bride and groom",What is the image that contains?,"bride, wedding",Who is the person in the image?,bride,What does the image contain?,"bride, flowers, wedding",Where is the image located?,wedding,Where does the image appear?,"at wedding, wedding"
TEST_159,What can you see in the image?,"hair dryer, mirror, reflection",What is the image that contains?,"hair, hair dryer, mirror",Who is the person in the image?,no one,What does the image contain?,"hair, makeup, reflection, table, vanity",Where is the image located?,"bathroom, bedroom",Where does the image appear?,"bathroom, bedroom, in bedroom"
TEST_160,What can you see in the image?,horse,What is the image that contains?,horse,Who is the person in the image?,jockey,What does the image contain?,horse,Where is the image located?,racetrack,Where does the image appear?,racetrack
TEST_161,What can you see in the image?,"kite, leaves, spider, tree",What is the image that contains?,"fog, spider, tree",Who is the person in the image?,"boy, man, no one, nobody",What does the image contain?,"fog, spider, tree",Where is the image located?,"forest, tree, woods",Where does the image appear?,"forest, under tree, woods"
TEST_162,What can you see in the image?,"girl, ice, ice skating, woman",What is the image that contains?,"audience, ballet, ice",Who is the person in the image?,"performer, skater",What does the image contain?,"ballet, girl, ice, ice skating",Where is the image located?,"arena, circus, ice, ice rink",Where does the image appear?,"arena, circus, ice rink"
TEST_163,What can you see in the image?,girl,What is the image that contains?,"balloon, balloons, bubble, flowers",Who is the person in the image?,girl,What does the image contain?,"balloons, bubble, flowers",Where is the image located?,"garden, park",Where does the image appear?,"garden, park"
TEST_164,What can you see in the image?,"mountains, snow",What is the image that contains?,"mountain, mountains, snow",Who is the person in the image?,skier,What does the image contain?,mountains,Where is the image located?,mountain,Where does the image appear?,"mountain, mountains"
TEST_165,What can you see in the image?,"boats, buildings, man, reflection, street",What is the image that contains?,"reflection, venice, water",Who is the person in the image?,man,What does the image contain?,"boat, reflection, street",Where is the image located?,"canal, city, italy, venice, water",Where does the image appear?,"canal, city, venice"
TEST_166,What can you see in the image?,"bench, buildings, people",What is the image that contains?,"bench, city, people",Who is the person in the image?,pedestrians,What does the image contain?,"bench, city, park, people",Where is the image located?,city,Where does the image appear?,city
TEST_167,What can you see in the image?,"fountain, skyscraper",What is the image that contains?,"fireworks, fountain, skyscraper",Who is the person in the image?,photographer,What does the image contain?,"fireworks, fountain, skyscraper",Where is the image located?,"city, in city, middle, new york, water",Where does the image appear?,"city, in city, in middle of city, new york"
TEST_168,What can you see in the image?,"ferris wheel, roller coaster",What is the image that contains?,"amusement, ferris wheel, roller coaster",Who is the person in the image?,"group, man",What does the image contain?,"amusement, ferris wheel, roller coaster",Where is the image located?,amusement park,Where does the image appear?,amusement park
TEST_169,What can you see in the image?,"building, group of people, people, people riding bikes, trees",What is the image that contains?,"bicyclists, people, people riding bikes, street, tree",Who is the person in the image?,"cyclist, no one",What does the image contain?,"bicyclists, building, people, street",Where is the image located?,"city, park, street",Where does the image appear?,"bike lane, city, on street, outside, park"
TEST_170,What can you see in the image?,"building, mountain, pagoda",What is the image that contains?,"mountain, scenery, shadow, temple",Who is the person in the image?,"man, monk, tourist, tourists",What does the image contain?,"building, mountain, pagoda, picture, scenery, temple",Where is the image located?,"china, courtyard, in courtyard, japan",Where does the image appear?,"china, in courtyard, japan"
TEST_171,What can you see in the image?,"person, snow, tree, windows",What is the image that contains?,"person, snow, window",Who is the person in the image?,"man, no one, woman",What does the image contain?,"person, snow",Where is the image located?,"outside, restaurant, window",Where does the image appear?,"in living room, in restaurant, near window, outside window, restaurant, window"
TEST_172,What can you see in the image?,man,What is the image that contains?,"man, mural, rock",Who is the person in the image?,man,What does the image contain?,"climbing, climbing walls, people, rock, rocks",Where is the image located?,"at indoor climbing course, in cave, in room, indoor climbing, indoor playground, inside building, wall",Where does the image appear?,"at indoor climbing course, in cave, indoor climbing, indoor playground"
TEST_173,What can you see in the image?,"woman, woman ' s hair",What is the image that contains?,"food, spaghetti, woman ' s face",Who is the person in the image?,"waitress, woman",What does the image contain?,"food, spaghetti",Where is the image located?,restaurant,Where does the image appear?,restaurant
TEST_174,What can you see in the image?,"cell, cell phone, woman",What is the image that contains?,"cell phone, girl, phone",Who is the person in the image?,"boy, woman",What does the image contain?,"cell phone, face, girl, woman",Where is the image located?,"bedroom, in bedroom",Where does the image appear?,"bedroom, in bedroom"
TEST_175,What can you see in the image?,"snow, trees, truck, trucks",What is the image that contains?,snow,Who is the person in the image?,"man, no one, nobody, skier",What does the image contain?,snow,Where is the image located?,"road, woods",Where does the image appear?,"road, woods"
TEST_176,What can you see in the image?,"baby, blurry side, window",What is the image that contains?,"blur, blurry, eyes",Who is the person in the image?,"baby, child",What does the image contain?,"baby, blur, blurry, child",Where is the image located?,"car, in car, outside, window",Where does the image appear?,"car, in car, outside, train, window"
TEST_177,What can you see in the image?,"skier, snow",What is the image that contains?,"skier, snow",Who is the person in the image?,"skier, snowboarder",What does the image contain?,"skier, snow",Where is the image located?,mountain,Where does the image appear?,mountain
TEST_178,What can you see in the image?,buildings,What is the image that contains?,"church, sunset, town",Who is the person in the image?,"photographer, skier",What does the image contain?,"buildings, sunset",Where is the image located?,"beach, near water, ocean, on cliff, town, village",Where does the image appear?,"near beach, ocean, on cliff, town, village"
TEST_179,What can you see in the image?,food,What is the image that contains?,"bowl, food",Who is the person in the image?,no one,What does the image contain?,food,Where is the image located?,"plate, table",Where does the image appear?,"bowl, plate, table"
TEST_180,What can you see in the image?,"birthday, man, woman",What is the image that contains?,"balloons, birthday",Who is the person in the image?,"man, man and woman, woman",What does the image contain?,"balloons, birthday",Where is the image located?,kitchen,Where does the image appear?,"birthday party, kitchen"
TEST_181,What can you see in the image?,"people, projection, projection screen, projector, screen",What is the image that contains?,"audience, blur, projection, projector",Who is the person in the image?,"man, woman",What does the image contain?,"audience, movie, projector",Where is the image located?,"movie, movie theater, wall",Where does the image appear?,"auditorium, classroom, in movie"
TEST_182,What can you see in the image?,waterfall,What is the image that contains?,waterfall,Who is the person in the image?,"nobody, photographer",What does the image contain?,waterfall,Where is the image located?,"jungle, pond",Where does the image appear?,"jungle, pond"
TEST_183,What can you see in the image?,food,What is the image that contains?,"bowl, food",Who is the person in the image?,no one,What does the image contain?,food,Where is the image located?,"plate, table",Where does the image appear?,"bowl, plate, table"
TEST_184,What can you see in the image?,"balloons, boy, ice cream",What is the image that contains?,"amusement, ice cream, merry go round",Who is the person in the image?,boy,What does the image contain?,"amusement, candy, ice cream",Where is the image located?,"carnival, fair, merry go round",Where does the image appear?,"carnival, merry go round"
TEST_185,What can you see in the image?,waterfall,What is the image that contains?,waterfall,Who is the person in the image?,"nobody, photographer",What does the image contain?,waterfall,Where is the image located?,"jungle, pond",Where does the image appear?,"jungle, pond"
TEST_186,What can you see in the image?,dog,What is the image that contains?,"dog, snow",Who is the person in the image?,"no one, nobody",What does the image contain?,dog,Where is the image located?,"field, ground, woods",Where does the image appear?,"in snow, in woods"
TEST_187,What can you see in the image?,"skillet, woman, woman ' s hair",What is the image that contains?,"skillet, wok, woman",Who is the person in the image?,"chef, woman",What does the image contain?,"cooking, food, skillet, woman, woman cooking",Where is the image located?,kitchen,Where does the image appear?,"in kitchen, kitchen"
TEST_188,What can you see in the image?,zebra,What is the image that contains?,zebra,Who is the person in the image?,no one,What does the image contain?,zebra,Where is the image located?,africa,Where does the image appear?,"africa, field"
TEST_189,What can you see in the image?,"hair, hairdresser, mannequin",What is the image that contains?,"clothing, hair, mannequin",Who is the person in the image?,"group, hair stylist, hairdresser, mannequin, woman",What does the image contain?,"clothes, group, hair, hairdresser, mannequin",Where is the image located?,"art gallery, hair salon, in front of people, in room, near mannequin",Where does the image appear?,"art exhibit, hair salon, in store, in studio, party, salon"
TEST_190,What can you see in the image?,"man, mountains",What is the image that contains?,"backpack, landscape, mountains",Who is the person in the image?,man,What does the image contain?,"backpack, landscape, mountains",Where is the image located?,mountains,Where does the image appear?,"mountains, valley"
TEST_191,What can you see in the image?,"food, knives, vegetables",What is the image that contains?,"food, tomatoes, vegetables",Who is the person in the image?,"no one, nobody",What does the image contain?,"food, vegetables",Where is the image located?,kitchen,Where does the image appear?,"in kitchen, kitchen"
TEST_192,What can you see in the image?,"rows of seats, screen, seats",What is the image that contains?,"rows of seats, screen",Who is the person in the image?,"conductor, no one, nobody, speaker",What does the image contain?,"screen, seats",Where is the image located?,"auditorium, in movie, wall",Where does the image appear?,"auditorium, in movie, in waiting room"
TEST_193,What can you see in the image?,"baby, child, little girl",What is the image that contains?,"basket, child, toddler, tricycle",Who is the person in the image?,"boy, child, girl",What does the image contain?,"child, child '",Where is the image located?,park,Where does the image appear?,park
TEST_194,What can you see in the image?,eiffel tower,What is the image that contains?,eiffel tower,Who is the person in the image?,"nobody, photographer",What does the image contain?,eiffel tower,Where is the image located?,paris,Where does the image appear?,paris
TEST_195,What can you see in the image?,"buildings, mountains, woman",What is the image that contains?,"cliff, mountain, pocahontas, ruins, view, village",Who is the person in the image?,"photographer, tourist, woman",What does the image contain?,"mountains, ruins, view, village",Where is the image located?,"machete, mountains, peru",Where does the image appear?,"cemetery, machete, mountains, peru, valley"
TEST_196,What can you see in the image?,"baby, baby ' s face, boy ', child ' s face, hand",What is the image that contains?,"boy, eyes, face",Who is the person in the image?,"boy, child",What does the image contain?,"boy, child ', food, toddler",Where is the image located?,"in front of wall, wall",Where does the image appear?,"in room, kitchen, room"
TEST_197,What can you see in the image?,"canoe, kayak, man, man paddling, trees",What is the image that contains?,kayak,Who is the person in the image?,"kayaker, man",What does the image contain?,"kayak, paddle",Where is the image located?,"lake, water",Where does the image appear?,lake
TEST_198,What can you see in the image?,"girl, slide, swing",What is the image that contains?,playground,Who is the person in the image?,"boy, girl, toddler",What does the image contain?,"playground, slide",Where is the image located?,"park, playground",Where does the image appear?,playground
TEST_199,What can you see in the image?,"legs, person ' s legs, skateboard, woman, woman ' s legs",What is the image that contains?,"butt, laptop, leg, shoe",Who is the person in the image?,"skateboarder, woman",What does the image contain?,"butt, feet, person, shoe, woman",Where is the image located?,"floor, in room, living room",Where does the image appear?,"kitchen, living room"
TEST_200,What can you see in the image?,people,What is the image that contains?,"coffee, group, people",Who is the person in the image?,man,What does the image contain?,"group of people, people",Where is the image located?,"dining room, living room, restaurant, room",Where does the image appear?,"coffee shop, dining room, in house, living room"
TEST_201,What can you see in the image?,"birds, flock of birds",What is the image that contains?,"birds, flock of birds",Who is the person in the image?,"farmer, no one",What does the image contain?,birds,Where is the image located?,field,Where does the image appear?,field
TEST_202,What can you see in the image?,"family, food, man",What is the image that contains?,family,Who is the person in the image?,"family, man",What does the image contain?,family,Where is the image located?,kitchen,Where does the image appear?,"in kitchen, kitchen"
TEST_203,What can you see in the image?,eiffel tower,What is the image that contains?,eiffel tower,Who is the person in the image?,"nobody, photographer",What does the image contain?,eiffel tower,Where is the image located?,paris,Where does the image appear?,paris
TEST_204,What can you see in the image?,"city, sun",What is the image that contains?,"setting, sun",Who is the person in the image?,"bicyclist, cyclist, photographer, surfer",What does the image contain?,"setting, sun",Where is the image located?,"beach, lake, park",Where does the image appear?,"lake, ocean, park"
TEST_205,What can you see in the image?,"frisbee, people",What is the image that contains?,"ball, frisbee, team",Who is the person in the image?,"boy, children, frisbee, frisbee players, soccer players",What does the image contain?,"frisbee, people, soccer",Where is the image located?,"court, park",Where does the image appear?,"court, park, tennis court"
TEST_206,What can you see in the image?,"bread, corn, croissants, pastries",What is the image that contains?,"bread, croissants, hot dogs",Who is the person in the image?,"baker, no one, nobody",What does the image contain?,"bread, croissants, food, pastries",Where is the image located?,"bakery, food, near bread, near spoon",Where does the image appear?,"bakery, in oven, near bread, near food, near pastries"
TEST_207,What can you see in the image?,flamingo,What is the image that contains?,flamingo,Who is the person in the image?,nobody,What does the image contain?,flamingo,Where is the image located?,lake,Where does the image appear?,lake
TEST_208,What can you see in the image?,"food, noodles",What is the image that contains?,"bowl, food, noodles",Who is the person in the image?,no one,What does the image contain?,"food, noodles",Where is the image located?,table,Where does the image appear?,"bowl, table"
TEST_209,What can you see in the image?,"pizza, reflection",What is the image that contains?,"oven, pizza",Who is the person in the image?,"chef, no one",What does the image contain?,"fire, oven, pizza",Where is the image located?,"kitchen, oven",Where does the image appear?,"in oven, oven"
TEST_210,What can you see in the image?,man,What is the image that contains?,weight,Who is the person in the image?,trainer,What does the image contain?,"boxers, man, muscle, sumo, weight",Where is the image located?,arena,Where does the image appear?,"arena, gym, gymnasium"
TEST_211,What can you see in the image?,"graffiti, part of building",What is the image that contains?,graffiti,Who is the person in the image?,"boy, man, no one, skateboarder",What does the image contain?,graffiti,Where is the image located?,"ground, street, train tracks, under bridge",Where does the image appear?,"in alley, on sidewalk, train tracks, under bridge, underpass"
TEST_212,What can you see in the image?,people,What is the image that contains?,"people, picture",Who is the person in the image?,"clown, man, performers",What does the image contain?,"ceremony, costumes, people, performers",Where is the image located?,"china, courtyard, in courtyard, on ground, outside",Where does the image appear?,"in courtyard, on street"
TEST_213,What can you see in the image?,"bird, flowers, macaw",What is the image that contains?,"flowers, parrot",Who is the person in the image?,no one,What does the image contain?,"bird, flowers, parrot",Where is the image located?,"forest, jungle",Where does the image appear?,jungle
TEST_214,What can you see in the image?,"candle, candles, clock",What is the image that contains?,clock,Who is the person in the image?,"no one, nobody",What does the image contain?,"candles, clock",Where is the image located?,"living room, table, wall",Where does the image appear?,"dining room, living room, table"
TEST_215,What can you see in the image?,"frisbee, man, man ' s legs, man ' s shadow",What is the image that contains?,"ball, hands, man, stadium",Who is the person in the image?,"athlete, man, runner",What does the image contain?,"athlete, ball, frisbee, man, man ' s legs, man ' s shadow, tennis",Where is the image located?,"court, field, stadium, tennis court, track",Where does the image appear?,"stadium, tennis court"
TEST_216,What can you see in the image?,"bathtub, sinks, toilet",What is the image that contains?,"bathroom, bathtub, bowls, toilet",Who is the person in the image?,"no one, nobody, photographer",What does the image contain?,"bathroom, bathtub, bowls, toilet",Where is the image located?,bathroom,Where does the image appear?,bathroom
TEST_217,What can you see in the image?,food,What is the image that contains?,food,Who is the person in the image?,"chef, no one, waiter",What does the image contain?,food,Where is the image located?,"kitchen, restaurant, table",Where does the image appear?,"kitchen, restaurant"
TEST_218,What can you see in the image?,"coffee, reflection, shadow, steam",What is the image that contains?,"coffee, smoke, steam",Who is the person in the image?,no one,What does the image contain?,"coffee, smoke, steam",Where is the image located?,"coffee, coffee table, table",Where does the image appear?,"coffee, coffee table, on table"
TEST_219,What can you see in the image?,"people, projection, projection screen, projector, screen",What is the image that contains?,"audience, blur, projection, projector",Who is the person in the image?,"man, woman",What does the image contain?,"audience, movie, projector",Where is the image located?,"movie, movie theater, wall",Where does the image appear?,"auditorium, classroom, in movie"
TEST_220,What can you see in the image?,"cars, man",What is the image that contains?,"parking, parking meter",Who is the person in the image?,"cop, man, woman",What does the image contain?,"man, parking, parking meter",Where is the image located?,parking lot,Where does the image appear?,parking lot
TEST_221,What can you see in the image?,"buildings, mountains, woman",What is the image that contains?,"cliff, mountain, pocahontas, ruins, view, village",Who is the person in the image?,"photographer, tourist, woman",What does the image contain?,"mountains, ruins, view, village",Where is the image located?,"machete, mountains, peru",Where does the image appear?,"cemetery, machete, mountains, peru, valley"
TEST_222,What can you see in the image?,"surf, surfboard, surfer",What is the image that contains?,"surfer, water",Who is the person in the image?,surfer,What does the image contain?,"surf, surfer, water",Where is the image located?,"beach, ocean",Where does the image appear?,"beach, ocean"
TEST_223,What can you see in the image?,people,What is the image that contains?,"band, blur, people",Who is the person in the image?,"group, man, woman",What does the image contain?,people,Where is the image located?,"city, street",Where does the image appear?,city
TEST_224,What can you see in the image?,"fountain, skyscraper",What is the image that contains?,"fireworks, fountain, skyscraper",Who is the person in the image?,photographer,What does the image contain?,"fireworks, fountain, skyscraper",Where is the image located?,"city, in city, middle, new york, water",Where does the image appear?,"city, in city, in middle of city, new york"
TEST_225,What can you see in the image?,"girl, slide, swing",What is the image that contains?,playground,Who is the person in the image?,"boy, girl, toddler",What does the image contain?,"playground, slide",Where is the image located?,"park, playground",Where does the image appear?,playground
TEST_226,What can you see in the image?,"arm, hand, latte",What is the image that contains?,"hand, heart, latte, window",Who is the person in the image?,"barista, man",What does the image contain?,"barista, hot chocolate, latte",Where is the image located?,"coffee, coffee shop, window",Where does the image appear?,"coffee, coffee shop"
TEST_227,What can you see in the image?,"ferris wheel, roller coaster",What is the image that contains?,"amusement, ferris wheel, roller coaster",Who is the person in the image?,"group, man",What does the image contain?,"amusement, ferris wheel, roller coaster",Where is the image located?,amusement park,Where does the image appear?,amusement park
TEST_228,What can you see in the image?,"cell, cell phone, woman",What is the image that contains?,"cell phone, girl, phone",Who is the person in the image?,"boy, woman",What does the image contain?,"cell phone, face, girl, woman",Where is the image located?,"bedroom, in bedroom",Where does the image appear?,"bedroom, in bedroom"
TEST_229,What can you see in the image?,surfer,What is the image that contains?,water,Who is the person in the image?,surfer,What does the image contain?,"surfer, water",Where is the image located?,ocean,Where does the image appear?,ocean
TEST_230,What can you see in the image?,"group of people, people, windows",What is the image that contains?,"group of people, meeting, office, white, window",Who is the person in the image?,"business people, man, woman",What does the image contain?,"meeting, office, people",Where is the image located?,office,Where does the image appear?,office
TEST_231,What can you see in the image?,"man, picture, pictures, players",What is the image that contains?,"ball, black, black and white, black and white photograph, players",Who is the person in the image?,"man, players",What does the image contain?,"black and white, leg, players, uniforms",Where is the image located?,"court, floor, on wall, wall",Where does the image appear?,"gym, gymnasium"
TEST_232,What can you see in the image?,"snow, trees, truck, trucks",What is the image that contains?,snow,Who is the person in the image?,"man, no one, nobody, skier",What does the image contain?,snow,Where is the image located?,"road, woods",Where does the image appear?,"road, woods"
TEST_233,What can you see in the image?,"gazelle, giraffe",What is the image that contains?,"antelope, gazelle",Who is the person in the image?,"no one, nobody",What does the image contain?,"antelope, deer",Where is the image located?,forest,Where does the image appear?,forest
TEST_234,What can you see in the image?,"hills, mountain, path, train",What is the image that contains?,"cliff, landscape, mountain",Who is the person in the image?,"no one, photographer",What does the image contain?,"hills, landscape, mountain",Where is the image located?,"countryside, hillside, mountains, valley",Where does the image appear?,"countryside, mountain, valley"
TEST_235,What can you see in the image?,"man, reflection",What is the image that contains?,reflection,Who is the person in the image?,"engineer, man, pilot",What does the image contain?,"airplane, factory, man, plane, reflection",Where is the image located?,"ceiling, hangar, in hangar, warehouse",Where does the image appear?,"airplane, ceiling, hangar, in garage, warehouse"
TEST_236,What can you see in the image?,"fire, plane",What is the image that contains?,fire,Who is the person in the image?,"no one, nobody, pilot",What does the image contain?,fire,Where is the image located?,field,Where does the image appear?,"field, forest"
TEST_237,What can you see in the image?,"building, buildings, people, school, students",What is the image that contains?,"field, group, group of people, people, school",Who is the person in the image?,students,What does the image contain?,"people, school, students",Where is the image located?,park,Where does the image appear?,"field, in park, park"
TEST_238,What can you see in the image?,laptop,What is the image that contains?,laptop,Who is the person in the image?,no one,What does the image contain?,laptop,Where is the image located?,"desk, office, table, window",Where does the image appear?,"desk, in office, office, window"
TEST_239,What can you see in the image?,woman,What is the image that contains?,"subway, woman",Who is the person in the image?,woman,What does the image contain?,"train, woman",Where is the image located?,"subway, train",Where does the image appear?,"subway, train"
TEST_240,What can you see in the image?,"dumplings, noodles, pot, wontons",What is the image that contains?,"dumplings, pot",Who is the person in the image?,no one,What does the image contain?,"dumplings, food",Where is the image located?,"in pan, in pot, pan, under spoon",Where does the image appear?,"in pan, in pot"
TEST_241,What can you see in the image?,"fork, man, man in long sleeve, man in long sleeved shirt, pallet, pallets",What is the image that contains?,"boxes, pallet, warehouse",Who is the person in the image?,worker,What does the image contain?,"boxes, pallet, warehouse",Where is the image located?,warehouse,Where does the image appear?,warehouse
TEST_242,What can you see in the image?,"mountain, mountains",What is the image that contains?,"group of people, mountain, mountains, ship",Who is the person in the image?,"captain, group, group of people, passengers, skier",What does the image contain?,"mountains, ship",Where is the image located?,"airport, dock, mountains, near water, on dock",Where does the image appear?,"airport, mountains, near dock, ocean"
TEST_243,What can you see in the image?,"children, frisbee, kids, people, playground",What is the image that contains?,"children, frisbee, people, playground",Who is the person in the image?,children,What does the image contain?,"children, frisbee, people, playground",Where is the image located?,"field, park",Where does the image appear?,"field, park"
TEST_244,What can you see in the image?,city,What is the image that contains?,city,Who is the person in the image?,"man, nobody",What does the image contain?,city,Where is the image located?,"city, park",Where does the image appear?,"city, in park, park"
TEST_245,What can you see in the image?,"art, people, statues",What is the image that contains?,"art, bust, group, group of people, statue",Who is the person in the image?,"group, group of people, man, students",What does the image contain?,"art, statues",Where is the image located?,museum,Where does the image appear?,museum
TEST_246,What can you see in the image?,"sail, sailboat",What is the image that contains?,"sail, sailboat",Who is the person in the image?,"no one, nobody",What does the image contain?,sailboat,Where is the image located?,ocean,Where does the image appear?,ocean
TEST_247,What can you see in the image?,"woman, woman ' s hair",What is the image that contains?,"food, spaghetti, woman ' s face",Who is the person in the image?,"waitress, woman",What does the image contain?,"food, spaghetti",Where is the image located?,restaurant,Where does the image appear?,restaurant
TEST_248,What can you see in the image?,"skier, snow",What is the image that contains?,"skier, snow",Who is the person in the image?,"skier, snowboarder",What does the image contain?,"skier, snow",Where is the image located?,mountain,Where does the image appear?,mountain
TEST_249,What can you see in the image?,ice cream,What is the image that contains?,ice cream,Who is the person in the image?,"no one, nobody",What does the image contain?,ice cream,Where is the image located?,"ice cream shop, store, tv",Where does the image appear?,"ice cream shop, in front of window, in store, store"
TEST_250,What can you see in the image?,"ski, ski lift, ski tracks",What is the image that contains?,"chair, ski, ski lift, skier, snow",Who is the person in the image?,skier,What does the image contain?,"mountains, ski tracks, skier, snow",Where is the image located?,"mountains, ski slope",Where does the image appear?,"mountain, mountains, ski slope"
TEST_251,What can you see in the image?,"man, picture, pictures, players",What is the image that contains?,"ball, black, black and white, black and white photograph, players",Who is the person in the image?,"man, players",What does the image contain?,"black and white, leg, players, uniforms",Where is the image located?,"court, floor, on wall, wall",Where does the image appear?,"gym, gymnasium"
TEST_252,What can you see in the image?,"farm, house, train",What is the image that contains?,"barn, painting, steam, train",Who is the person in the image?,"conductor, no one",What does the image contain?,"farm, painting, train",Where is the image located?,"countryside, field",Where does the image appear?,"countryside, field"
TEST_253,What can you see in the image?,"mountain, mountains",What is the image that contains?,"group of people, mountain, mountains, ship",Who is the person in the image?,"captain, group, group of people, passengers, skier",What does the image contain?,"mountains, ship",Where is the image located?,"airport, dock, mountains, near water, on dock",Where does the image appear?,"airport, mountains, near dock, ocean"
TEST_254,What can you see in the image?,"tree, trees",What is the image that contains?,"tree, trees",Who is the person in the image?,"no one, nobody",What does the image contain?,"tree, trees",Where is the image located?,park,Where does the image appear?,"in park, park"
TEST_255,What can you see in the image?,"basketball, basketball hoop",What is the image that contains?,"basketball, dunk",Who is the person in the image?,basketball player,What does the image contain?,basketball,Where is the image located?,"basketball court, court",Where does the image appear?,"basketball court, court"
TEST_256,What can you see in the image?,"skier, snow",What is the image that contains?,"skier, snow",Who is the person in the image?,"skier, snowboarder",What does the image contain?,"skier, snow",Where is the image located?,mountain,Where does the image appear?,mountain
TEST_257,What can you see in the image?,"palm, palm trees",What is the image that contains?,"beach, palm",Who is the person in the image?,"family, surfer, tourist",What does the image contain?,"beach, palm, palm trees",Where is the image located?,beach,Where does the image appear?,beach
TEST_258,What can you see in the image?,man,What is the image that contains?,"rain, umbrella",Who is the person in the image?,man,What does the image contain?,"man, umbrella",Where is the image located?,city,Where does the image appear?,city
TEST_259,What can you see in the image?,"girl, water",What is the image that contains?,"playground, pool, splash, water",Who is the person in the image?,girl,What does the image contain?,"playground, slide, water",Where is the image located?,"playground, pool, water",Where does the image appear?,"playground, pool, water"
TEST_260,What can you see in the image?,"pizza, reflection",What is the image that contains?,"oven, pizza",Who is the person in the image?,"chef, no one",What does the image contain?,"fire, oven, pizza",Where is the image located?,"kitchen, oven",Where does the image appear?,"in oven, oven"
TEST_261,What can you see in the image?,"boats, buildings, man, reflection, street",What is the image that contains?,"reflection, venice, water",Who is the person in the image?,man,What does the image contain?,"boat, reflection, street",Where is the image located?,"canal, city, italy, venice, water",Where does the image appear?,"canal, city, venice"
TEST_262,What can you see in the image?,tractor,What is the image that contains?,tractor,Who is the person in the image?,farmer,What does the image contain?,tractor,Where is the image located?,"countryside, field",Where does the image appear?,"country, countryside, field"
TEST_263,What can you see in the image?,"rows of seats, screen, seats",What is the image that contains?,"rows of seats, screen",Who is the person in the image?,"conductor, no one, nobody, speaker",What does the image contain?,"screen, seats",Where is the image located?,"auditorium, in movie, wall",Where does the image appear?,"auditorium, in movie, in waiting room"
TEST_264,What can you see in the image?,"laptop, person, picture, woman",What is the image that contains?,"computer, laptop, light, person, website, woman",Who is the person in the image?,"man, no one, woman",What does the image contain?,"laptop, office, person, woman",Where is the image located?,"computer, living room, office, wall",Where does the image appear?,"living room, office"
TEST_265,What can you see in the image?,"children, water",What is the image that contains?,"children, sprinkler, water",Who is the person in the image?,"boy, children, girl",What does the image contain?,water,Where is the image located?,"park, playground",Where does the image appear?,"playground, water park"
TEST_266,What can you see in the image?,"man, pool, truck, water",What is the image that contains?,"pool, sun",Who is the person in the image?,"man, photographer, surfer",What does the image contain?,"man, pool, sun",Where is the image located?,"beach, near pool, pool, sky",Where does the image appear?,"beach, ocean, pool"
TEST_267,What can you see in the image?,"hair dryer, mirror, reflection",What is the image that contains?,"hair, hair dryer, mirror",Who is the person in the image?,no one,What does the image contain?,"hair, makeup, reflection, table, vanity",Where is the image located?,"bathroom, bedroom",Where does the image appear?,"bathroom, bedroom, in bedroom"
TEST_268,What can you see in the image?,helicopter,What is the image that contains?,helicopter,Who is the person in the image?,pilot,What does the image contain?,helicopter,Where is the image located?,"mountains, sky",Where does the image appear?,"mountains, sky, valley"
TEST_269,What can you see in the image?,family,What is the image that contains?,family,Who is the person in the image?,family,What does the image contain?,family,Where is the image located?,"living room, wall",Where does the image appear?,"in living room, living room"
TEST_270,What can you see in the image?,"bridge, city, lights",What is the image that contains?,"balcony, city, landscape, moon, street",Who is the person in the image?,"no one, nobody, surfer",What does the image contain?,"city, landscape, lights, moon, patio",Where is the image located?,"balcony, beach, bridge, city",Where does the image appear?,"balcony, beach, bridge, city"
TEST_271,What can you see in the image?,"airplane, luggage, people, people waiting for their luggage, windows",What is the image that contains?,"luggage, people, silhouette, window, windows",Who is the person in the image?,"man, passengers, travelers",What does the image contain?,"group of people, luggage, people, silhouette",Where is the image located?,airport,Where does the image appear?,airport
TEST_272,What can you see in the image?,"clothing, people, store",What is the image that contains?,"clothing, crowd",Who is the person in the image?,"shopper, shoppers",What does the image contain?,"clothing, people, store",Where is the image located?,"airport, mall",Where does the image appear?,"airport, mall"
TEST_273,What can you see in the image?,man,What is the image that contains?,"cockpit, engine, jet, pilot, space shuttle",Who is the person in the image?,pilot,What does the image contain?,"jet, man, pilot",Where is the image located?,"cockpit, hangar, in hangar, in hanger, space, wall",Where does the image appear?,"in cockpit, in hangar, jet, space"
TEST_274,What can you see in the image?,"frisbee, people",What is the image that contains?,"ball, frisbee, team",Who is the person in the image?,"boy, children, frisbee, frisbee players, soccer players",What does the image contain?,"frisbee, people, soccer",Where is the image located?,"court, park",Where does the image appear?,"court, park, tennis court"
TEST_275,What can you see in the image?,man,What is the image that contains?,"action, man, picture",Who is the person in the image?,man,What does the image contain?,"kendo, man, picture, uniform",Where is the image located?,wall,Where does the image appear?,"gym, gymnasium, in front of wall, in gymnasium, wall"
TEST_276,What can you see in the image?,"laptop, person, picture, woman",What is the image that contains?,"computer, laptop, light, person, website, woman",Who is the person in the image?,"man, no one, woman",What does the image contain?,"laptop, office, person, woman",Where is the image located?,"computer, living room, office, wall",Where does the image appear?,"living room, office"
TEST_277,What can you see in the image?,"balloons, boy, ice cream",What is the image that contains?,"amusement, ice cream, merry go round",Who is the person in the image?,boy,What does the image contain?,"amusement, candy, ice cream",Where is the image located?,"carnival, fair, merry go round",Where does the image appear?,"carnival, merry go round"
TEST_278,What can you see in the image?,"baseball, baseball game, home plate",What is the image that contains?,"baseball, batter",Who is the person in the image?,"baseball player, baseball players",What does the image contain?,baseball,Where is the image located?,"baseball field, field, stadium, stands",Where does the image appear?,"baseball field, baseball stadium"
TEST_279,What can you see in the image?,"bench, path, road, trees",What is the image that contains?,"path, road, trees",Who is the person in the image?,"no one, nobody",What does the image contain?,"leaves, path, road, trees",Where is the image located?,"park, road, woods",Where does the image appear?,"in woods, park, woods"
TEST_280,What can you see in the image?,"man, person, skateboard, street, trees",What is the image that contains?,"blur, head, skate, sun",Who is the person in the image?,"man, woman",What does the image contain?,"man, person, skate, sun",Where is the image located?,"field, road, street",Where does the image appear?,"forest, street"
TEST_281,What can you see in the image?,"buoys, fishing boats, fishing net, fishing nets, man",What is the image that contains?,"fishing, fishing net, ropes",Who is the person in the image?,"fisherman, man",What does the image contain?,"fishing equipment, fishing nets, lobster",Where is the image located?,"dock, harbor, water",Where does the image appear?,"boat, harbor"
TEST_282,What can you see in the image?,chalkboard,What is the image that contains?,"chalk, chalkboard, classroom, map",Who is the person in the image?,teacher,What does the image contain?,"chalkboard, chart, children, classroom, map",Where is the image located?,"chalkboard, classroom",Where does the image appear?,classroom
TEST_283,What can you see in the image?,"woman, woman ' s hair",What is the image that contains?,"food, spaghetti, woman ' s face",Who is the person in the image?,"waitress, woman",What does the image contain?,"food, spaghetti",Where is the image located?,restaurant,Where does the image appear?,restaurant
TEST_284,What can you see in the image?,"man, mountains",What is the image that contains?,"backpack, landscape, mountains",Who is the person in the image?,man,What does the image contain?,"backpack, landscape, mountains",Where is the image located?,mountains,Where does the image appear?,"mountains, valley"
TEST_285,What can you see in the image?,"bowling alley, man",What is the image that contains?,"blur, bowling, bowling alley, video",Who is the person in the image?,"boy, man",What does the image contain?,"bowling, video",Where is the image located?,bowling alley,Where does the image appear?,bowling alley
TEST_286,What can you see in the image?,"cars, race, racers",What is the image that contains?,"motorcyclist, motorcyclists, race",Who is the person in the image?,"driver, racers",What does the image contain?,"race, racers",Where is the image located?,racetrack,Where does the image appear?,racetrack
TEST_287,What can you see in the image?,"ball, man, net, volleyball, volleyball player",What is the image that contains?,"ball, blur, volleyball",Who is the person in the image?,"man, player",What does the image contain?,"ball, volleyball",Where is the image located?,"beach, court",Where does the image appear?,"beach, court, on court, volleyball court"
TEST_288,What can you see in the image?,"hot air balloon, kite",What is the image that contains?,"hot air balloon, kite, sky",Who is the person in the image?,"man, no one",What does the image contain?,"hot air balloon, kite",Where is the image located?,"field, sky",Where does the image appear?,"field, sky"
TEST_289,What can you see in the image?,"ice, ice hockey, ice hockey players, players",What is the image that contains?,ice hockey,Who is the person in the image?,"hockey, hockey players",What does the image contain?,"hockey, ice hockey",Where is the image located?,"arena, hockey rink, hockey stadium, ice, stadium",Where does the image appear?,"hockey rink, hockey stadium, stadium"
TEST_290,What can you see in the image?,hair salon,What is the image that contains?,"hair, hair stylist, hairdresser",Who is the person in the image?,barber,What does the image contain?,"barber, barber shop, hair, hair salon",Where is the image located?,"barber shop, hair salon, salon, wall",Where does the image appear?,"barber shop, salon"
TEST_291,What can you see in the image?,"man, man ' s legs, men, runners, tennis players",What is the image that contains?,"ball, running, running man",Who is the person in the image?,"athlete, runner, runners",What does the image contain?,"players, race, runner, runners, running man",Where is the image located?,"field, tennis court, track",Where does the image appear?,"race, soccer field, tennis court, track"
TEST_292,What can you see in the image?,helicopter,What is the image that contains?,helicopter,Who is the person in the image?,pilot,What does the image contain?,helicopter,Where is the image located?,"mountains, sky",Where does the image appear?,"mountains, sky, valley"
TEST_293,What can you see in the image?,"buoys, fishing boats, fishing net, fishing nets, man",What is the image that contains?,"fishing, fishing net, ropes",Who is the person in the image?,"fisherman, man",What does the image contain?,"fishing equipment, fishing nets, lobster",Where is the image located?,"dock, harbor, water",Where does the image appear?,"boat, harbor"
TEST_294,What can you see in the image?,"sea creatures, turtle",What is the image that contains?,"sea, seaweed, turtle",Who is the person in the image?,"diver, no one",What does the image contain?,"sea life, turtle",Where is the image located?,underwater,Where does the image appear?,underwater
TEST_295,What can you see in the image?,"bed, cat, lamp, pillows",What is the image that contains?,"bed, lamp, sun",Who is the person in the image?,no one,What does the image contain?,"cat, lamp, pillows, room",Where is the image located?,"bedroom, living room",Where does the image appear?,"bedroom, living room"
TEST_296,What can you see in the image?,"arm, hand, latte",What is the image that contains?,"hand, heart, latte, window",Who is the person in the image?,"barista, man",What does the image contain?,"barista, hot chocolate, latte",Where is the image located?,"coffee, coffee shop, window",Where does the image appear?,"coffee, coffee shop"
TEST_297,What can you see in the image?,"bowls, food",What is the image that contains?,"bowls, food",Who is the person in the image?,no one,What does the image contain?,food,Where is the image located?,table,Where does the image appear?,table
TEST_298,What can you see in the image?,"cell phones, couple, group of people, man, people",What is the image that contains?,"cell phone, couple, group, picture",Who is the person in the image?,man,What does the image contain?,"couple, group, people, picture",Where is the image located?,park,Where does the image appear?,park
TEST_299,What can you see in the image?,camel,What is the image that contains?,"camel, desert",Who is the person in the image?,no one,What does the image contain?,"camel, desert",Where is the image located?,desert,Where does the image appear?,desert
TEST_300,What can you see in the image?,"cars, race, racers",What is the image that contains?,"motorcyclist, motorcyclists, race",Who is the person in the image?,"driver, racers",What does the image contain?,"race, racers",Where is the image located?,racetrack,Where does the image appear?,racetrack
TEST_301,What can you see in the image?,"man, mountains",What is the image that contains?,"backpack, landscape, mountains",Who is the person in the image?,man,What does the image contain?,"backpack, landscape, mountains",Where is the image located?,mountains,Where does the image appear?,"mountains, valley"
TEST_302,What can you see in the image?,"bar, bartender, man",What is the image that contains?,"bar, bar scene",Who is the person in the image?,bartender,What does the image contain?,"bar, bar scene, bartender",Where is the image located?,bar,Where does the image appear?,bar
TEST_303,What can you see in the image?,"group, group of people, people",What is the image that contains?,"group, people",Who is the person in the image?,"group, man, teacher",What does the image contain?,"group, people",Where is the image located?,"mountain, mountains, top of mountain",Where does the image appear?,"mountain, mountains, on mountain"
TEST_304,What can you see in the image?,"group of people, people, windows",What is the image that contains?,"group of people, meeting, office, white, window",Who is the person in the image?,"business people, man, woman",What does the image contain?,"meeting, office, people",Where is the image located?,office,Where does the image appear?,office
TEST_305,What can you see in the image?,"fountain, skyscraper",What is the image that contains?,"fireworks, fountain, skyscraper",Who is the person in the image?,photographer,What does the image contain?,"fireworks, fountain, skyscraper",Where is the image located?,"city, in city, middle, new york, water",Where does the image appear?,"city, in city, in middle of city, new york"
TEST_306,What can you see in the image?,"bridge, city, lights",What is the image that contains?,"balcony, city, landscape, moon, street",Who is the person in the image?,"no one, nobody, surfer",What does the image contain?,"city, landscape, lights, moon, patio",Where is the image located?,"balcony, beach, bridge, city",Where does the image appear?,"balcony, beach, bridge, city"
TEST_307,What can you see in the image?,"clothes, man, man ' s clothes",What is the image that contains?,clothes,Who is the person in the image?,"man, woman",What does the image contain?,clothes,Where is the image located?,"apartment, balcony, closet, window",Where does the image appear?,"apartment, balcony, closet, in bedroom"
TEST_308,What can you see in the image?,"cars, group of people, people",What is the image that contains?,"car, cars, group, group of people, reflection",Who is the person in the image?,"group of people, man, men, men and women, woman",What does the image contain?,"group of people, people, reflection",Where is the image located?,"car, car show, mirror, parking lot, showroom",Where does the image appear?,"car show, in car show, parking lot, showroom"
TEST_309,What can you see in the image?,tractor,What is the image that contains?,tractor,Who is the person in the image?,farmer,What does the image contain?,tractor,Where is the image located?,"countryside, field",Where does the image appear?,"country, countryside, field"
TEST_310,What can you see in the image?,"man, person, skateboard, street, trees",What is the image that contains?,"blur, head, skate, sun",Who is the person in the image?,"man, woman",What does the image contain?,"man, person, skate, sun",Where is the image located?,"field, road, street",Where does the image appear?,"forest, street"
TEST_311,What can you see in the image?,"clothing, people, store",What is the image that contains?,"clothing, crowd",Who is the person in the image?,"shopper, shoppers",What does the image contain?,"clothing, people, store",Where is the image located?,"airport, mall",Where does the image appear?,"airport, mall"
TEST_312,What can you see in the image?,"man, pool, truck, water",What is the image that contains?,"pool, sun",Who is the person in the image?,"man, photographer, surfer",What does the image contain?,"man, pool, sun",Where is the image located?,"beach, near pool, pool, sky",Where does the image appear?,"beach, ocean, pool"
TEST_313,What can you see in the image?,"group, group of people, people",What is the image that contains?,"group, people",Who is the person in the image?,"group, man, teacher",What does the image contain?,"group, people",Where is the image located?,"mountain, mountains, top of mountain",Where does the image appear?,"mountain, mountains, on mountain"
TEST_314,What can you see in the image?,food,What is the image that contains?,"bowl, food",Who is the person in the image?,no one,What does the image contain?,food,Where is the image located?,"plate, table",Where does the image appear?,"bowl, plate, table"
TEST_315,What can you see in the image?,"graffiti, part of building",What is the image that contains?,graffiti,Who is the person in the image?,"boy, man, no one, skateboarder",What does the image contain?,graffiti,Where is the image located?,"ground, street, train tracks, under bridge",Where does the image appear?,"in alley, on sidewalk, train tracks, under bridge, underpass"
TEST_316,What can you see in the image?,man,What is the image that contains?,weight,Who is the person in the image?,trainer,What does the image contain?,"boxers, man, muscle, sumo, weight",Where is the image located?,arena,Where does the image appear?,"arena, gym, gymnasium"
TEST_317,What can you see in the image?,"bowls, food",What is the image that contains?,"bowls, food",Who is the person in the image?,no one,What does the image contain?,food,Where is the image located?,table,Where does the image appear?,table
TEST_318,What can you see in the image?,"bench, path, road, trees",What is the image that contains?,"path, road, trees",Who is the person in the image?,"no one, nobody",What does the image contain?,"leaves, path, road, trees",Where is the image located?,"park, road, woods",Where does the image appear?,"in woods, park, woods"
TEST_319,What can you see in the image?,"seagull, turtle",What is the image that contains?,turtle,Who is the person in the image?,diver,What does the image contain?,turtle,Where is the image located?,underwater,Where does the image appear?,underwater
TEST_320,What can you see in the image?,"building, woman",What is the image that contains?,"building, clothing, pagoda",Who is the person in the image?,woman,What does the image contain?,"building, clothing, kimono, woman",Where is the image located?,"china, courtyard, in courtyard, in front of building",Where does the image appear?,"china, in courtyard, in front of building"
TEST_321,What can you see in the image?,"person, snow, tree, windows",What is the image that contains?,"person, snow, window",Who is the person in the image?,"man, no one, woman",What does the image contain?,"person, snow",Where is the image located?,"outside, restaurant, window",Where does the image appear?,"in living room, in restaurant, near window, outside window, restaurant, window"
TEST_322,What can you see in the image?,"surf, surfboard, surfer",What is the image that contains?,"surfer, water",Who is the person in the image?,surfer,What does the image contain?,"surf, surfer, water",Where is the image located?,"beach, ocean",Where does the image appear?,"beach, ocean"
TEST_323,What can you see in the image?,"frisbee, girl, group of children, kite, little girl",What is the image that contains?,"frisbee, kite",Who is the person in the image?,"family, girl, group",What does the image contain?,"frisbee, kite",Where is the image located?,"field, park",Where does the image appear?,"field, park"
TEST_324,What can you see in the image?,"bar, bartender, man",What is the image that contains?,"bar, bar scene",Who is the person in the image?,bartender,What does the image contain?,"bar, bar scene, bartender",Where is the image located?,bar,Where does the image appear?,bar
TEST_325,What can you see in the image?,"basketball, man, wheelchair",What is the image that contains?,"ball, basketball, wheelchair",Who is the person in the image?,"athlete, basketball player, man, wheelchair, wheelchair man",What does the image contain?,"basketball, players, wheelchair",Where is the image located?,"court, gym, gymnasium, wheelchair",Where does the image appear?,"basketball court, gymnasium, wheelchair court"
TEST_326,What can you see in the image?,woman,What is the image that contains?,"weight, woman",Who is the person in the image?,"athlete, woman",What does the image contain?,"exercise, woman",Where is the image located?,"gym, gymnasium, in gym",Where does the image appear?,"gym, gymnasium"
TEST_327,What can you see in the image?,"people, windows",What is the image that contains?,"people, room, tea",Who is the person in the image?,"family, man, men, students",What does the image contain?,"people, tea",Where is the image located?,"living room, room",Where does the image appear?,"dining room, in room, living room"
TEST_328,What can you see in the image?,"dishwasher, kitchen, refrigerator, urinal, water dispenser",What is the image that contains?,"pot, refrigerator, urinal, water",Who is the person in the image?,"man, no one, nobody",What does the image contain?,"kitchen, refrigerator, urinal",Where is the image located?,"bathroom, kitchen",Where does the image appear?,"bathroom, kitchen"
TEST_329,What can you see in the image?,"legs, person ' s legs, skateboard, woman, woman ' s legs",What is the image that contains?,"butt, laptop, leg, shoe",Who is the person in the image?,"skateboarder, woman",What does the image contain?,"butt, feet, person, shoe, woman",Where is the image located?,"floor, in room, living room",Where does the image appear?,"kitchen, living room"
TEST_330,What can you see in the image?,"buildings, cars, snow",What is the image that contains?,"fog, snow",Who is the person in the image?,"man, pedestrians",What does the image contain?,"fog, snow",Where is the image located?,city,Where does the image appear?,city
TEST_331,What can you see in the image?,"bowling alley, man",What is the image that contains?,"blur, bowling, bowling alley, video",Who is the person in the image?,"boy, man",What does the image contain?,"bowling, video",Where is the image located?,bowling alley,Where does the image appear?,bowling alley
TEST_332,What can you see in the image?,"airplane, plane",What is the image that contains?,"clouds, plane, wing",Who is the person in the image?,"no one, pilot",What does the image contain?,"clouds, plane",Where is the image located?,"in sky, sky",Where does the image appear?,"in sky, sky"
TEST_333,What can you see in the image?,"man, woman",What is the image that contains?,ice,Who is the person in the image?,skater,What does the image contain?,ice,Where is the image located?,"ice, ice rink",Where does the image appear?,"ice, ice rink"
TEST_334,What can you see in the image?,"skillet, woman, woman ' s hair",What is the image that contains?,"skillet, wok, woman",Who is the person in the image?,"chef, woman",What does the image contain?,"cooking, food, skillet, woman, woman cooking",Where is the image located?,kitchen,Where does the image appear?,"in kitchen, kitchen"
TEST_335,What can you see in the image?,"legs, person ' s legs, skateboard, woman, woman ' s legs",What is the image that contains?,"butt, laptop, leg, shoe",Who is the person in the image?,"skateboarder, woman",What does the image contain?,"butt, feet, person, shoe, woman",Where is the image located?,"floor, in room, living room",Where does the image appear?,"kitchen, living room"
TEST_336,What can you see in the image?,"beach, lighthouse, sun",What is the image that contains?,"beach, lighthouse, sun",Who is the person in the image?,"crowd, pedestrians, photographer, surfer",What does the image contain?,"beach, lighthouse, sun",Where is the image located?,beach,Where does the image appear?,"beach, ocean"
TEST_337,What can you see in the image?,horse,What is the image that contains?,horse,Who is the person in the image?,jockey,What does the image contain?,horse,Where is the image located?,racetrack,Where does the image appear?,racetrack
TEST_338,What can you see in the image?,"group of people, people",What is the image that contains?,crowd,Who is the person in the image?,students,What does the image contain?,"crowd, people",Where is the image located?,"college campus, in park, park, university",Where does the image appear?,"college campus, in park, park"
TEST_339,What can you see in the image?,"bride, bride and groom",What is the image that contains?,"bride, wedding",Who is the person in the image?,bride,What does the image contain?,"bride, flowers, wedding",Where is the image located?,wedding,Where does the image appear?,"at wedding, wedding"
TEST_340,What can you see in the image?,"fencing, group, people",What is the image that contains?,"darth vader, fencing, flag, line, players",Who is the person in the image?,"jockey, players, skier",What does the image contain?,"fencing, people, players",Where is the image located?,"arena, background, behind fence, wall",Where does the image appear?,"arena, on stage, stage"
TEST_341,What can you see in the image?,"food, spoon",What is the image that contains?,"bowl, soup",Who is the person in the image?,no one,What does the image contain?,"food, soup",Where is the image located?,"bowl, on table, table",Where does the image appear?,"bowl, in bowl, table"
TEST_342,What can you see in the image?,woman,What is the image that contains?,"woman, yoga",Who is the person in the image?,woman,What does the image contain?,"woman, yoga",Where is the image located?,"center, floor, living room, room",Where does the image appear?,"living room, yoga"
TEST_343,What can you see in the image?,woman,What is the image that contains?,"water, woman",Who is the person in the image?,woman,What does the image contain?,woman,Where is the image located?,lake,Where does the image appear?,lake
TEST_344,What can you see in the image?,"building, woman",What is the image that contains?,"building, clothing, pagoda",Who is the person in the image?,woman,What does the image contain?,"building, clothing, kimono, woman",Where is the image located?,"china, courtyard, in courtyard, in front of building",Where does the image appear?,"china, in courtyard, in front of building"
TEST_345,What can you see in the image?,"balloons, boy, ice cream",What is the image that contains?,"amusement, ice cream, merry go round",Who is the person in the image?,boy,What does the image contain?,"amusement, candy, ice cream",Where is the image located?,"carnival, fair, merry go round",Where does the image appear?,"carnival, merry go round"
TEST_346,What can you see in the image?,"cars, race, racers",What is the image that contains?,"motorcyclist, motorcyclists, race",Who is the person in the image?,"driver, racers",What does the image contain?,"race, racers",Where is the image located?,racetrack,Where does the image appear?,racetrack
TEST_347,What can you see in the image?,"beach, crowd, people, vendors",What is the image that contains?,"crowd, market, parade, shadow",Who is the person in the image?,"dancer, man, men, native, people, woman",What does the image contain?,"beach, crowd, parade, people",Where is the image located?,"africa, beach",Where does the image appear?,"beach, market"
TEST_348,What can you see in the image?,"buildings, mountains, woman",What is the image that contains?,"cliff, mountain, pocahontas, ruins, view, village",Who is the person in the image?,"photographer, tourist, woman",What does the image contain?,"mountains, ruins, view, village",Where is the image located?,"machete, mountains, peru",Where does the image appear?,"cemetery, machete, mountains, peru, valley"
TEST_349,What can you see in the image?,"construction workers, group of people, man, people, woman",What is the image that contains?,"construction, hard hat, vest",Who is the person in the image?,worker,What does the image contain?,construction,Where is the image located?,construction site,Where does the image appear?,construction site
TEST_350,What can you see in the image?,"food, knives, vegetables",What is the image that contains?,"food, tomatoes, vegetables",Who is the person in the image?,"no one, nobody",What does the image contain?,"food, vegetables",Where is the image located?,kitchen,Where does the image appear?,"in kitchen, kitchen"
TEST_351,What can you see in the image?,"people, windows",What is the image that contains?,"people, room, tea",Who is the person in the image?,"family, man, men, students",What does the image contain?,"people, tea",Where is the image located?,"living room, room",Where does the image appear?,"dining room, in room, living room"
TEST_352,What can you see in the image?,surfer,What is the image that contains?,"surfer, water, wave",Who is the person in the image?,surfer,What does the image contain?,"surfer, wave",Where is the image located?,ocean,Where does the image appear?,ocean
TEST_353,What can you see in the image?,"children, group, pumpkin",What is the image that contains?,"group, jack o lantern, pumpkin",Who is the person in the image?,children,What does the image contain?,"group, people, pumpkin",Where is the image located?,"parade, park, street",Where does the image appear?,"halloween, in park, street"
TEST_354,What can you see in the image?,man,What is the image that contains?,"man, mural, rock",Who is the person in the image?,man,What does the image contain?,"climbing, climbing walls, people, rock, rocks",Where is the image located?,"at indoor climbing course, in cave, in room, indoor climbing, indoor playground, inside building, wall",Where does the image appear?,"at indoor climbing course, in cave, indoor climbing, indoor playground"
TEST_355,What can you see in the image?,"frisbee, girl, group of children, kite, little girl",What is the image that contains?,"frisbee, kite",Who is the person in the image?,"family, girl, group",What does the image contain?,"frisbee, kite",Where is the image located?,"field, park",Where does the image appear?,"field, park"
TEST_356,What can you see in the image?,"clothes, man, man ' s clothes",What is the image that contains?,clothes,Who is the person in the image?,"man, woman",What does the image contain?,clothes,Where is the image located?,"apartment, balcony, closet, window",Where does the image appear?,"apartment, balcony, closet, in bedroom"
TEST_357,What can you see in the image?,"arm, hand, latte",What is the image that contains?,"hand, heart, latte, window",Who is the person in the image?,"barista, man",What does the image contain?,"barista, hot chocolate, latte",Where is the image located?,"coffee, coffee shop, window",Where does the image appear?,"coffee, coffee shop"
TEST_358,What can you see in the image?,sheep,What is the image that contains?,sheep,Who is the person in the image?,no one,What does the image contain?,sheep,Where is the image located?,field,Where does the image appear?,field
TEST_359,What can you see in the image?,"group of men, man",What is the image that contains?,"blue, cargo, construction, group of men",Who is the person in the image?,"conductor, man, policeman",What does the image contain?,"blue, cargo, construction, group of men, man, sea",Where is the image located?,"dock, harbor, train yard",Where does the image appear?,"dock, shipyard, train yard"
TEST_360,What can you see in the image?,city,What is the image that contains?,city,Who is the person in the image?,"man, no one, nobody",What does the image contain?,city,Where is the image located?,city,Where does the image appear?,city
TEST_361,What can you see in the image?,woman,What is the image that contains?,"water, woman",Who is the person in the image?,woman,What does the image contain?,woman,Where is the image located?,lake,Where does the image appear?,lake
TEST_362,What can you see in the image?,hair salon,What is the image that contains?,"hair, hair stylist, hairdresser",Who is the person in the image?,barber,What does the image contain?,"barber, barber shop, hair, hair salon",Where is the image located?,"barber shop, hair salon, salon, wall",Where does the image appear?,"barber shop, salon"
TEST_363,What can you see in the image?,hair salon,What is the image that contains?,"hair, hair stylist, hairdresser",Who is the person in the image?,barber,What does the image contain?,"barber, barber shop, hair, hair salon",Where is the image located?,"barber shop, hair salon, salon, wall",Where does the image appear?,"barber shop, salon"
TEST_364,What can you see in the image?,man,What is the image that contains?,"man, mural, rock",Who is the person in the image?,man,What does the image contain?,"climbing, climbing walls, people, rock, rocks",Where is the image located?,"at indoor climbing course, in cave, in room, indoor climbing, indoor playground, inside building, wall",Where does the image appear?,"at indoor climbing course, in cave, indoor climbing, indoor playground"
TEST_365,What can you see in the image?,"chair, coffee maker, table, window",What is the image that contains?,"shadow, tabletop, window",Who is the person in the image?,no one,What does the image contain?,"coffee table, part of window, shadow, window",Where is the image located?,"dining, in room, kitchen, living room, table, window",Where does the image appear?,"coffee shop, dining, in room, kitchen, living room"
TEST_366,What can you see in the image?,"donkey, man, man with goat",What is the image that contains?,"donkey, man, man with goat, shadow",Who is the person in the image?,"farmer, man",What does the image contain?,"donkey, man, man and donkey, man with horse, man with ox",Where is the image located?,"countryside, field, mountains, road",Where does the image appear?,"countryside, mountains, road"
TEST_367,What can you see in the image?,train,What is the image that contains?,"blur, train",Who is the person in the image?,"conductor, no one, nobody",What does the image contain?,train,Where is the image located?,"countryside, field, train tracks",Where does the image appear?,"countryside, field, train tracks"
TEST_368,What can you see in the image?,"girl, woman",What is the image that contains?,"bicyclist, lake, water",Who is the person in the image?,"girl, woman",What does the image contain?,"bicyclist, girl, park, woman riding bike",Where is the image located?,"park, pond",Where does the image appear?,"park, pond"
TEST_369,What can you see in the image?,"birds, penguins",What is the image that contains?,"penguins, water",Who is the person in the image?,"no one, nobody, photographer, surfer",What does the image contain?,"birds, penguins",Where is the image located?,"beach, ocean",Where does the image appear?,ocean
TEST_370,What can you see in the image?,"sea creatures, turtle",What is the image that contains?,"sea, seaweed, turtle",Who is the person in the image?,"diver, no one",What does the image contain?,"sea life, turtle",Where is the image located?,underwater,Where does the image appear?,underwater
TEST_371,What can you see in the image?,"ferris wheel, roller coaster",What is the image that contains?,"amusement, ferris wheel, roller coaster",Who is the person in the image?,"group, man",What does the image contain?,"amusement, ferris wheel, roller coaster",Where is the image located?,amusement park,Where does the image appear?,amusement park
TEST_372,What can you see in the image?,"legs, person ' s legs, skateboard, woman, woman ' s legs",What is the image that contains?,"butt, laptop, leg, shoe",Who is the person in the image?,"skateboarder, woman",What does the image contain?,"butt, feet, person, shoe, woman",Where is the image located?,"floor, in room, living room",Where does the image appear?,"kitchen, living room"
TEST_373,What can you see in the image?,"beach, crowd, people, vendors",What is the image that contains?,"crowd, market, parade, shadow",Who is the person in the image?,"dancer, man, men, native, people, woman",What does the image contain?,"beach, crowd, parade, people",Where is the image located?,"africa, beach",Where does the image appear?,"beach, market"
TEST_374,What can you see in the image?,"ice, ice skaters, people",What is the image that contains?,ice,Who is the person in the image?,man,What does the image contain?,ice,Where is the image located?,"ice, ice rink",Where does the image appear?,"ice, ice rink"
TEST_375,What can you see in the image?,"ski, ski lift, ski tracks",What is the image that contains?,"chair, ski, ski lift, skier, snow",Who is the person in the image?,skier,What does the image contain?,"mountains, ski tracks, skier, snow",Where is the image located?,"mountains, ski slope",Where does the image appear?,"mountain, mountains, ski slope"
TEST_376,What can you see in the image?,"canoe, kayak, man, man paddling, trees",What is the image that contains?,kayak,Who is the person in the image?,"kayaker, man",What does the image contain?,"kayak, paddle",Where is the image located?,"lake, water",Where does the image appear?,lake
TEST_377,What can you see in the image?,"bread, corn, croissants, pastries",What is the image that contains?,"bread, croissants, hot dogs",Who is the person in the image?,"baker, no one, nobody",What does the image contain?,"bread, croissants, food, pastries",Where is the image located?,"bakery, food, near bread, near spoon",Where does the image appear?,"bakery, in oven, near bread, near food, near pastries"
TEST_378,What can you see in the image?,"donkey, man, man with goat",What is the image that contains?,"donkey, man, man with goat, shadow",Who is the person in the image?,"farmer, man",What does the image contain?,"donkey, man, man and donkey, man with horse, man with ox",Where is the image located?,"countryside, field, mountains, road",Where does the image appear?,"countryside, mountains, road"
TEST_379,What can you see in the image?,"woman, woman ' s hair",What is the image that contains?,"food, spaghetti, woman ' s face",Who is the person in the image?,"waitress, woman",What does the image contain?,"food, spaghetti",Where is the image located?,restaurant,Where does the image appear?,restaurant
TEST_380,What can you see in the image?,"building, woman",What is the image that contains?,"building, clothing, pagoda",Who is the person in the image?,woman,What does the image contain?,"building, clothing, kimono, woman",Where is the image located?,"china, courtyard, in courtyard, in front of building",Where does the image appear?,"china, in courtyard, in front of building"
TEST_381,What can you see in the image?,"girl, woman",What is the image that contains?,"bicyclist, lake, water",Who is the person in the image?,"girl, woman",What does the image contain?,"bicyclist, girl, park, woman riding bike",Where is the image located?,"park, pond",Where does the image appear?,"park, pond"
TEST_382,What can you see in the image?,woman,What is the image that contains?,"weight, woman",Who is the person in the image?,"athlete, woman",What does the image contain?,"exercise, woman",Where is the image located?,"gym, gymnasium, in gym",Where does the image appear?,"gym, gymnasium"
TEST_383,What can you see in the image?,"building, group of people, people, people riding bikes, trees",What is the image that contains?,"bicyclists, people, people riding bikes, street, tree",Who is the person in the image?,"cyclist, no one",What does the image contain?,"bicyclists, building, people, street",Where is the image located?,"city, park, street",Where does the image appear?,"bike lane, city, on street, outside, park"
TEST_384,What can you see in the image?,water slide,What is the image that contains?,"pool, water, water slide",Who is the person in the image?,"children, swimmers, visitors",What does the image contain?,water,Where is the image located?,"pool, water",Where does the image appear?,"pool, water park"
TEST_385,What can you see in the image?,"barista, man, man ' s face, man ' s hand, shelves",What is the image that contains?,"barista, blender, food",Who is the person in the image?,"barista, chef",What does the image contain?,"barista, man, man ' s face",Where is the image located?,"coffee, in kitchen, kitchen",Where does the image appear?,"in kitchen, kitchen"
TEST_386,What can you see in the image?,"bench, buildings, people",What is the image that contains?,"bench, city, people",Who is the person in the image?,pedestrians,What does the image contain?,"bench, city, park, people",Where is the image located?,city,Where does the image appear?,city
TEST_387,What can you see in the image?,"boats, people, river, trees",What is the image that contains?,"cherry blossoms, flowers, people, river",Who is the person in the image?,"family, group of people, no one, pedestrians",What does the image contain?,"cherry blossoms, flowers, people",Where is the image located?,"park, river",Where does the image appear?,"in park, lake, park, river"
TEST_388,What can you see in the image?,"couch, man",What is the image that contains?,"couch, living room",Who is the person in the image?,man,What does the image contain?,"couch, living room, man",Where is the image located?,living room,Where does the image appear?,living room
TEST_389,What can you see in the image?,"apples, fruit, fruits",What is the image that contains?,"apples, fruit, fruits, pile",Who is the person in the image?,"no one, vendor",What does the image contain?,"fruit, fruits",Where is the image located?,"kitchen, market",Where does the image appear?,"fruit stand, in fruit shop, in kitchen, kitchen, market"
TEST_390,What can you see in the image?,"dog, horse, snow",What is the image that contains?,"dog, horse, snow",Who is the person in the image?,"man, nobody, skier",What does the image contain?,"animals, dog, horse",Where is the image located?,field,Where does the image appear?,field
TEST_391,What can you see in the image?,"seagull, turtle",What is the image that contains?,turtle,Who is the person in the image?,diver,What does the image contain?,turtle,Where is the image located?,underwater,Where does the image appear?,underwater
TEST_392,What can you see in the image?,"cars, man",What is the image that contains?,"parking, parking meter",Who is the person in the image?,"cop, man, woman",What does the image contain?,"man, parking, parking meter",Where is the image located?,parking lot,Where does the image appear?,parking lot
TEST_393,What can you see in the image?,mug,What is the image that contains?,mug,Who is the person in the image?,"no one, nobody",What does the image contain?,mug,Where is the image located?,table,Where does the image appear?,"dining room, kitchen, table"
TEST_394,What can you see in the image?,"pizza, reflection",What is the image that contains?,"oven, pizza",Who is the person in the image?,"chef, no one",What does the image contain?,"fire, oven, pizza",Where is the image located?,"kitchen, oven",Where does the image appear?,"in oven, oven"
TEST_395,What can you see in the image?,"laptop, people, students, woman",What is the image that contains?,"blur, laptop, people",Who is the person in the image?,"man, student, woman",What does the image contain?,"blur, food, people, writing",Where is the image located?,"classroom, library, restaurant",Where does the image appear?,"classroom, library, restaurant"
TEST_396,What can you see in the image?,"camel, pyramid",What is the image that contains?,pyramid,Who is the person in the image?,"biker, group, tourists",What does the image contain?,"camel, pyramid, pyramids",Where is the image located?,desert,Where does the image appear?,desert
TEST_397,What can you see in the image?,"apples, fruit, fruits",What is the image that contains?,"apples, fruit, fruits, pile",Who is the person in the image?,"no one, vendor",What does the image contain?,"fruit, fruits",Where is the image located?,"kitchen, market",Where does the image appear?,"fruit stand, in fruit shop, in kitchen, kitchen, market"
TEST_398,What can you see in the image?,"laptop, people, students, woman",What is the image that contains?,"blur, laptop, people",Who is the person in the image?,"man, student, woman",What does the image contain?,"blur, food, people, writing",Where is the image located?,"classroom, library, restaurant",Where does the image appear?,"classroom, library, restaurant"
TEST_399,What can you see in the image?,"rows of bottles, shelves",What is the image that contains?,"books, shelves, wine",Who is the person in the image?,"bartender, man, no one",What does the image contain?,"shelves, wine",Where is the image located?,"library, store",Where does the image appear?,"cellar, in bar, in library, library"
TEST_400,What can you see in the image?,"baby, baby ' s face, boy ', child ' s face, hand",What is the image that contains?,"boy, eyes, face",Who is the person in the image?,"boy, child",What does the image contain?,"boy, child ', food, toddler",Where is the image located?,"in front of wall, wall",Where does the image appear?,"in room, kitchen, room"
TEST_401,What can you see in the image?,"canoe, kayak, man, man paddling, trees",What is the image that contains?,kayak,Who is the person in the image?,"kayaker, man",What does the image contain?,"kayak, paddle",Where is the image located?,"lake, water",Where does the image appear?,lake
TEST_402,What can you see in the image?,"mountain, mountains",What is the image that contains?,"group of people, mountain, mountains, ship",Who is the person in the image?,"captain, group, group of people, passengers, skier",What does the image contain?,"mountains, ship",Where is the image located?,"airport, dock, mountains, near water, on dock",Where does the image appear?,"airport, mountains, near dock, ocean"
TEST_403,What can you see in the image?,"basketball, frisbee, man, man with racket",What is the image that contains?,"basketball, tennis",Who is the person in the image?,"man, men",What does the image contain?,"basketball, tennis",Where is the image located?,"basketball court, court",Where does the image appear?,"basketball court, court"
TEST_404,What can you see in the image?,"dog, horse, snow",What is the image that contains?,"dog, horse, snow",Who is the person in the image?,"man, nobody, skier",What does the image contain?,"animals, dog, horse",Where is the image located?,field,Where does the image appear?,field
TEST_405,What can you see in the image?,"buoys, fishing boats, fishing net, fishing nets, man",What is the image that contains?,"fishing, fishing net, ropes",Who is the person in the image?,"fisherman, man",What does the image contain?,"fishing equipment, fishing nets, lobster",Where is the image located?,"dock, harbor, water",Where does the image appear?,"boat, harbor"
TEST_406,What can you see in the image?,"hills, mountain, path, train",What is the image that contains?,"cliff, landscape, mountain",Who is the person in the image?,"no one, photographer",What does the image contain?,"hills, landscape, mountain",Where is the image located?,"countryside, hillside, mountains, valley",Where does the image appear?,"countryside, mountain, valley"
TEST_407,What can you see in the image?,ice cream,What is the image that contains?,ice cream,Who is the person in the image?,"no one, nobody",What does the image contain?,ice cream,Where is the image located?,"ice cream shop, store, tv",Where does the image appear?,"ice cream shop, in front of window, in store, store"
TEST_408,What can you see in the image?,polar bear,What is the image that contains?,polar bear,Who is the person in the image?,"no one, photographer",What does the image contain?,polar bear,Where is the image located?,"antarctica, glacier",Where does the image appear?,"antarctica, glacier, ice"
TEST_409,What can you see in the image?,people,What is the image that contains?,"people, picture",Who is the person in the image?,"clown, man, performers",What does the image contain?,"ceremony, costumes, people, performers",Where is the image located?,"china, courtyard, in courtyard, on ground, outside",Where does the image appear?,"in courtyard, on street"
TEST_410,What can you see in the image?,"fencing, group, people",What is the image that contains?,"darth vader, fencing, flag, line, players",Who is the person in the image?,"jockey, players, skier",What does the image contain?,"fencing, people, players",Where is the image located?,"arena, background, behind fence, wall",Where does the image appear?,"arena, on stage, stage"
TEST_411,What can you see in the image?,city,What is the image that contains?,city,Who is the person in the image?,"man, no one, nobody",What does the image contain?,city,Where is the image located?,city,Where does the image appear?,city
TEST_412,What can you see in the image?,"group of people, hills, people",What is the image that contains?,"group, hat, landscape",Who is the person in the image?,"group, man, woman",What does the image contain?,"group, landscape, people",Where is the image located?,"balcony, countryside, mountains",Where does the image appear?,"balcony, countryside, hillside, on hillside, wine tasting"
TEST_413,What can you see in the image?,"skier, snow",What is the image that contains?,"skier, snow",Who is the person in the image?,"skier, snowboarder",What does the image contain?,"skier, snow",Where is the image located?,mountain,Where does the image appear?,mountain
TEST_414,What can you see in the image?,"group of people, people",What is the image that contains?,"group, people, smiles",Who is the person in the image?,"girl, girls, group",What does the image contain?,"group, people",Where is the image located?,"in front of building, park, school",Where does the image appear?,"in crowd, in front of building, in park, school"
TEST_415,What can you see in the image?,people,What is the image that contains?,"band, blur, people",Who is the person in the image?,"group, man, woman",What does the image contain?,people,Where is the image located?,"city, street",Where does the image appear?,city
TEST_416,What can you see in the image?,"people, projection, projection screen, projector, screen",What is the image that contains?,"audience, blur, projection, projector",Who is the person in the image?,"man, woman",What does the image contain?,"audience, movie, projector",Where is the image located?,"movie, movie theater, wall",Where does the image appear?,"auditorium, classroom, in movie"
TEST_417,What can you see in the image?,horse,What is the image that contains?,horse,Who is the person in the image?,jockey,What does the image contain?,horse,Where is the image located?,racetrack,Where does the image appear?,racetrack
TEST_418,What can you see in the image?,mug,What is the image that contains?,mug,Who is the person in the image?,"no one, nobody",What does the image contain?,mug,Where is the image located?,table,Where does the image appear?,"dining room, kitchen, table"
TEST_419,What can you see in the image?,"children, group, pumpkin",What is the image that contains?,"group, jack o lantern, pumpkin",Who is the person in the image?,children,What does the image contain?,"group, people, pumpkin",Where is the image located?,"parade, park, street",Where does the image appear?,"halloween, in park, street"
TEST_420,What can you see in the image?,"dolphins, group of dolphins",What is the image that contains?,"coral, dolphins, group of dolphins",Who is the person in the image?,diver,What does the image contain?,"dolphins, group of dolphins",Where is the image located?,underwater,Where does the image appear?,underwater
TEST_421,What can you see in the image?,people,What is the image that contains?,"coffee, group, people",Who is the person in the image?,man,What does the image contain?,"group of people, people",Where is the image located?,"dining room, living room, restaurant, room",Where does the image appear?,"coffee shop, dining room, in house, living room"
TEST_422,What can you see in the image?,"jewelry, men and mannequin, vase",What is the image that contains?,jewelry,Who is the person in the image?,"man, man and woman, shoppers, woman",What does the image contain?,jewelry,Where is the image located?,"in gallery, in shop, museum, store",Where does the image appear?,"in jewelry shop, jewelry shop, museum, store"
TEST_423,What can you see in the image?,girl,What is the image that contains?,"balloon, balloons, bubble, flowers",Who is the person in the image?,girl,What does the image contain?,"balloons, bubble, flowers",Where is the image located?,"garden, park",Where does the image appear?,"garden, park"
TEST_424,What can you see in the image?,helicopter,What is the image that contains?,helicopter,Who is the person in the image?,pilot,What does the image contain?,helicopter,Where is the image located?,"field, sky",Where does the image appear?,"field, in sky, sky"
TEST_425,What can you see in the image?,"building, buildings, people, school, students",What is the image that contains?,"field, group, group of people, people, school",Who is the person in the image?,students,What does the image contain?,"people, school, students",Where is the image located?,park,Where does the image appear?,"field, in park, park"
TEST_426,What can you see in the image?,polar bear,What is the image that contains?,polar bear,Who is the person in the image?,"no one, photographer",What does the image contain?,polar bear,Where is the image located?,"antarctica, glacier",Where does the image appear?,"antarctica, glacier, ice"
TEST_427,What can you see in the image?,city,What is the image that contains?,city,Who is the person in the image?,"man, nobody",What does the image contain?,city,Where is the image located?,"city, park",Where does the image appear?,"city, in park, park"
TEST_428,What can you see in the image?,city,What is the image that contains?,city,Who is the person in the image?,man,What does the image contain?,city,Where is the image located?,city,Where does the image appear?,city
TEST_429,What can you see in the image?,"buildings, canal, street",What is the image that contains?,"river, street, town, water",Who is the person in the image?,"no one, nobody, pedestrians",What does the image contain?,"buildings, canal, street, water",Where is the image located?,"canal, town",Where does the image appear?,"canal, town"
TEST_430,What can you see in the image?,"buildings, canal, street",What is the image that contains?,"river, street, town, water",Who is the person in the image?,"no one, nobody, pedestrians",What does the image contain?,"buildings, canal, street, water",Where is the image located?,"canal, town",Where does the image appear?,"canal, town"
TEST_431,What can you see in the image?,"flowers, house",What is the image that contains?,flowers,Who is the person in the image?,"man, nobody",What does the image contain?,flowers,Where is the image located?,"garden, outside",Where does the image appear?,"flower garden, garden"
TEST_432,What can you see in the image?,man,What is the image that contains?,"cockpit, engine, jet, pilot, space shuttle",Who is the person in the image?,pilot,What does the image contain?,"jet, man, pilot",Where is the image located?,"cockpit, hangar, in hangar, in hanger, space, wall",Where does the image appear?,"in cockpit, in hangar, jet, space"
TEST_433,What can you see in the image?,"basketball, basketball hoop",What is the image that contains?,"basketball, dunk",Who is the person in the image?,basketball player,What does the image contain?,basketball,Where is the image located?,"basketball court, court",Where does the image appear?,"basketball court, court"
TEST_434,What can you see in the image?,"construction workers, group of people, man, people, woman",What is the image that contains?,"construction, hard hat, vest",Who is the person in the image?,worker,What does the image contain?,construction,Where is the image located?,construction site,Where does the image appear?,construction site
TEST_435,What can you see in the image?,"men, water",What is the image that contains?,"rowing, water",Who is the person in the image?,"men, rower",What does the image contain?,"rowing, water, water polo",Where is the image located?,water,Where does the image appear?,"lake, ocean, water"
TEST_436,What can you see in the image?,"group of people, people",What is the image that contains?,"group, people, smiles",Who is the person in the image?,"girl, girls, group",What does the image contain?,"group, people",Where is the image located?,"in front of building, park, school",Where does the image appear?,"in crowd, in front of building, in park, school"
TEST_437,What can you see in the image?,"cell, cell phone, wallet",What is the image that contains?,"calculator, cell phone, wallet",Who is the person in the image?,no one,What does the image contain?,"cell, wallet",Where is the image located?,table,Where does the image appear?,"on table, table"
TEST_438,What can you see in the image?,"ice, ice hockey, ice hockey players, players",What is the image that contains?,ice hockey,Who is the person in the image?,"hockey, hockey players",What does the image contain?,"hockey, ice hockey",Where is the image located?,"arena, hockey rink, hockey stadium, ice, stadium",Where does the image appear?,"hockey rink, hockey stadium, stadium"
TEST_439,What can you see in the image?,surfer,What is the image that contains?,water,Who is the person in the image?,surfer,What does the image contain?,"surfer, water",Where is the image located?,ocean,Where does the image appear?,ocean
TEST_440,What can you see in the image?,"flowers, house",What is the image that contains?,flowers,Who is the person in the image?,"man, nobody",What does the image contain?,flowers,Where is the image located?,"garden, outside",Where does the image appear?,"flower garden, garden"
TEST_441,What can you see in the image?,"family, frisbee, mother and child, people",What is the image that contains?,"family, frisbee, sand",Who is the person in the image?,"family, woman",What does the image contain?,"family, frisbee, people, sun",Where is the image located?,beach,Where does the image appear?,beach
TEST_442,What can you see in the image?,city,What is the image that contains?,city,Who is the person in the image?,man,What does the image contain?,city,Where is the image located?,city,Where does the image appear?,city
TEST_443,What can you see in the image?,man,What is the image that contains?,"action, man, picture",Who is the person in the image?,man,What does the image contain?,"kendo, man, picture, uniform",Where is the image located?,wall,Where does the image appear?,"gym, gymnasium, in front of wall, in gymnasium, wall"
TEST_444,What can you see in the image?,"construction workers, group of people, man, people, woman",What is the image that contains?,"construction, hard hat, vest",Who is the person in the image?,worker,What does the image contain?,construction,Where is the image located?,construction site,Where does the image appear?,construction site
TEST_445,What can you see in the image?,"hand, woman, woman ' s hair",What is the image that contains?,"cleaning, woman, woman ' s face",Who is the person in the image?,"man, woman",What does the image contain?,"cleaning, scrubber, woman",Where is the image located?,"in kitchen, kitchen",Where does the image appear?,"in kitchen, kitchen"
TEST_446,What can you see in the image?,city,What is the image that contains?,city,Who is the person in the image?,"man, no one, nobody",What does the image contain?,city,Where is the image located?,city,Where does the image appear?,city
TEST_447,What can you see in the image?,"buildings, canal, street",What is the image that contains?,"river, street, town, water",Who is the person in the image?,"no one, nobody, pedestrians",What does the image contain?,"buildings, canal, street, water",Where is the image located?,"canal, town",Where does the image appear?,"canal, town"
TEST_448,What can you see in the image?,waterfall,What is the image that contains?,waterfall,Who is the person in the image?,"nobody, photographer",What does the image contain?,waterfall,Where is the image located?,"jungle, pond",Where does the image appear?,"jungle, pond"
TEST_449,What can you see in the image?,"art, people, statues",What is the image that contains?,"art, bust, group, group of people, statue",Who is the person in the image?,"group, group of people, man, students",What does the image contain?,"art, statues",Where is the image located?,museum,Where does the image appear?,museum
TEST_450,What can you see in the image?,"crowd, hot air balloons, people",What is the image that contains?,"balloons, crowd",Who is the person in the image?,"group, spectators, tourists",What does the image contain?,"balloons, crowd, hot air, people",Where is the image located?,"city, crowd, mountains",Where does the image appear?,"crowd, mountains, on cliff"
TEST_451,What can you see in the image?,"frisbee, people, people playing frisbee, people playing in sand",What is the image that contains?,"beach, frisbee, sand",Who is the person in the image?,family,What does the image contain?,"beach, frisbee, people",Where is the image located?,beach,Where does the image appear?,beach
TEST_452,What can you see in the image?,"bar, bartender, man",What is the image that contains?,"bar, bar scene",Who is the person in the image?,bartender,What does the image contain?,"bar, bar scene, bartender",Where is the image located?,bar,Where does the image appear?,bar
TEST_453,What can you see in the image?,helicopter,What is the image that contains?,helicopter,Who is the person in the image?,pilot,What does the image contain?,helicopter,Where is the image located?,"mountains, sky",Where does the image appear?,"mountains, sky, valley"
TEST_454,What can you see in the image?,"girl, water",What is the image that contains?,"playground, pool, splash, water",Who is the person in the image?,girl,What does the image contain?,"playground, slide, water",Where is the image located?,"playground, pool, water",Where does the image appear?,"playground, pool, water"
TEST_455,What can you see in the image?,"laptop, people, students, woman",What is the image that contains?,"blur, laptop, people",Who is the person in the image?,"man, student, woman",What does the image contain?,"blur, food, people, writing",Where is the image located?,"classroom, library, restaurant",Where does the image appear?,"classroom, library, restaurant"
TEST_456,What can you see in the image?,"baby, blurry side, window",What is the image that contains?,"blur, blurry, eyes",Who is the person in the image?,"baby, child",What does the image contain?,"baby, blur, blurry, child",Where is the image located?,"car, in car, outside, window",Where does the image appear?,"car, in car, outside, train, window"
TEST_457,What can you see in the image?,crowd,What is the image that contains?,crowd,Who is the person in the image?,"crowd, group of people, photographer, soldiers",What does the image contain?,"crowd, soldiers",Where is the image located?,"buckingham palace, in courtyard, parade, square, stadium",Where does the image appear?,"buckingham palace, in courtyard, parade, stadium"
TEST_458,What can you see in the image?,"cars, group of people, people",What is the image that contains?,"car, cars, group, group of people, reflection",Who is the person in the image?,"group of people, man, men, men and women, woman",What does the image contain?,"group of people, people, reflection",Where is the image located?,"car, car show, mirror, parking lot, showroom",Where does the image appear?,"car show, in car show, parking lot, showroom"
TEST_459,What can you see in the image?,"boy, man, people, woman",What is the image that contains?,"ball, rock, water slide",Who is the person in the image?,"boy, woman",What does the image contain?,"climbing, climbing rocks, rock, skateboard",Where is the image located?,"indoor climbing, indoors, wall",Where does the image appear?,"in climbing wall, in room, indoor climbing, indoor climbing facility, indoor climbing wall, indoor playground"
TEST_460,What can you see in the image?,"palm, palm trees",What is the image that contains?,"beach, palm",Who is the person in the image?,"family, surfer, tourist",What does the image contain?,"beach, palm, palm trees",Where is the image located?,beach,Where does the image appear?,beach
TEST_461,What can you see in the image?,"cell, cell phone, wallet",What is the image that contains?,"calculator, cell phone, wallet",Who is the person in the image?,no one,What does the image contain?,"cell, wallet",Where is the image located?,table,Where does the image appear?,"on table, table"
TEST_462,What can you see in the image?,zebra,What is the image that contains?,zebra,Who is the person in the image?,no one,What does the image contain?,zebra,Where is the image located?,africa,Where does the image appear?,"africa, field"
TEST_463,What can you see in the image?,man,What is the image that contains?,"rain, umbrella",Who is the person in the image?,man,What does the image contain?,"man, umbrella",Where is the image located?,city,Where does the image appear?,city
TEST_464,What can you see in the image?,"people, people in bike",What is the image that contains?,"exercise, group, people",Who is the person in the image?,"cyclist, group, man, woman",What does the image contain?,"group of people, people",Where is the image located?,"gym, in gym",Where does the image appear?,"gym, in gym"
TEST_465,What can you see in the image?,sheep,What is the image that contains?,sheep,Who is the person in the image?,no one,What does the image contain?,sheep,Where is the image located?,field,Where does the image appear?,field
TEST_466,What can you see in the image?,"rows of seats, screen, seats",What is the image that contains?,"rows of seats, screen",Who is the person in the image?,"conductor, no one, nobody, speaker",What does the image contain?,"screen, seats",Where is the image located?,"auditorium, in movie, wall",Where does the image appear?,"auditorium, in movie, in waiting room"
TEST_467,What can you see in the image?,parasail,What is the image that contains?,"parachute, parasail",Who is the person in the image?,"man, windsurfer",What does the image contain?,"parachute, parasail",Where is the image located?,"beach, sky",Where does the image appear?,"beach, sky"
TEST_468,What can you see in the image?,"rows of bottles, shelves",What is the image that contains?,"books, shelves, wine",Who is the person in the image?,"bartender, man, no one",What does the image contain?,"shelves, wine",Where is the image located?,"library, store",Where does the image appear?,"cellar, in bar, in library, library"
TEST_469,What can you see in the image?,"men, water",What is the image that contains?,"rowing, water",Who is the person in the image?,"men, rower",What does the image contain?,"rowing, water, water polo",Where is the image located?,water,Where does the image appear?,"lake, ocean, water"
TEST_470,What can you see in the image?,"man, people, woman",What is the image that contains?,"blur, hair, head, portrait, profile",Who is the person in the image?,"man, woman",What does the image contain?,"man, people, person, woman",Where is the image located?,living room,Where does the image appear?,"in living room, living room"
TEST_471,What can you see in the image?,trees,What is the image that contains?,"galaxy, trees",Who is the person in the image?,"no one, nobody, photographer",What does the image contain?,"sky, stars, trees",Where is the image located?,"field, forest",Where does the image appear?,"forest, in forest, under clouds"
TEST_472,What can you see in the image?,"bowls, food",What is the image that contains?,"bowls, food",Who is the person in the image?,no one,What does the image contain?,food,Where is the image located?,table,Where does the image appear?,table
TEST_473,What can you see in the image?,"group, group of people, people",What is the image that contains?,"group, people",Who is the person in the image?,"group, man, teacher",What does the image contain?,"group, people",Where is the image located?,"mountain, mountains, top of mountain",Where does the image appear?,"mountain, mountains, on mountain"
TEST_474,What can you see in the image?,tractor,What is the image that contains?,tractor,Who is the person in the image?,farmer,What does the image contain?,tractor,Where is the image located?,"countryside, field",Where does the image appear?,"country, countryside, field"
TEST_475,What can you see in the image?,children,What is the image that contains?,"aquarium, coral, fish",Who is the person in the image?,"boy, children",What does the image contain?,"coral, fish",Where is the image located?,aquarium,Where does the image appear?,aquarium
TEST_476,What can you see in the image?,"man, produce",What is the image that contains?,"basket, baskets, crowd, food, man, man and woman",Who is the person in the image?,"man, woman",What does the image contain?,"flowers, food, man, people, produce, vegetables",Where is the image located?,market,Where does the image appear?,market
TEST_477,What can you see in the image?,"crafts, post its, scissors",What is the image that contains?,"post it notes, scissor, scissors",Who is the person in the image?,no one,What does the image contain?,"post it notes, post its, scissor, scissors",Where is the image located?,table,Where does the image appear?,"on table, table"
TEST_478,What can you see in the image?,"man, reflection",What is the image that contains?,reflection,Who is the person in the image?,"engineer, man, pilot",What does the image contain?,"airplane, factory, man, plane, reflection",Where is the image located?,"ceiling, hangar, in hangar, warehouse",Where does the image appear?,"airplane, ceiling, hangar, in garage, warehouse"
TEST_479,What can you see in the image?,"frisbee, people, people playing frisbee, people playing in sand",What is the image that contains?,"beach, frisbee, sand",Who is the person in the image?,family,What does the image contain?,"beach, frisbee, people",Where is the image located?,beach,Where does the image appear?,beach
TEST_480,What can you see in the image?,"cheese, glasses, wine",What is the image that contains?,"cheese, wine",Who is the person in the image?,"man, no one",What does the image contain?,"cheese, wine",Where is the image located?,"restaurant, table",Where does the image appear?,"dining room, restaurant"
TEST_481,What can you see in the image?,"boats, people, river, trees",What is the image that contains?,"cherry blossoms, flowers, people, river",Who is the person in the image?,"family, group of people, no one, pedestrians",What does the image contain?,"cherry blossoms, flowers, people",Where is the image located?,"park, river",Where does the image appear?,"in park, lake, park, river"
TEST_482,What can you see in the image?,"man, mountains",What is the image that contains?,"backpack, landscape, mountains",Who is the person in the image?,man,What does the image contain?,"backpack, landscape, mountains",Where is the image located?,mountains,Where does the image appear?,"mountains, valley"
TEST_483,What can you see in the image?,laptop,What is the image that contains?,laptop,Who is the person in the image?,no one,What does the image contain?,laptop,Where is the image located?,"desk, office, table, window",Where does the image appear?,"desk, in office, office, window"
TEST_484,What can you see in the image?,"man, pool, truck, water",What is the image that contains?,"pool, sun",Who is the person in the image?,"man, photographer, surfer",What does the image contain?,"man, pool, sun",Where is the image located?,"beach, near pool, pool, sky",Where does the image appear?,"beach, ocean, pool"
TEST_485,What can you see in the image?,"baby, blurry side, window",What is the image that contains?,"blur, blurry, eyes",Who is the person in the image?,"baby, child",What does the image contain?,"baby, blur, blurry, child",Where is the image located?,"car, in car, outside, window",Where does the image appear?,"car, in car, outside, train, window"
TEST_486,What can you see in the image?,"girl, slide, swing",What is the image that contains?,playground,Who is the person in the image?,"boy, girl, toddler",What does the image contain?,"playground, slide",Where is the image located?,"park, playground",Where does the image appear?,playground
TEST_487,What can you see in the image?,"snow, trees, truck, trucks",What is the image that contains?,snow,Who is the person in the image?,"man, no one, nobody, skier",What does the image contain?,snow,Where is the image located?,"road, woods",Where does the image appear?,"road, woods"
TEST_488,What can you see in the image?,"bathtub, sinks, toilet",What is the image that contains?,"bathroom, bathtub, bowls, toilet",Who is the person in the image?,"no one, nobody, photographer",What does the image contain?,"bathroom, bathtub, bowls, toilet",Where is the image located?,bathroom,Where does the image appear?,bathroom
TEST_489,What can you see in the image?,children,What is the image that contains?,"aquarium, coral, fish",Who is the person in the image?,"boy, children",What does the image contain?,"coral, fish",Where is the image located?,aquarium,Where does the image appear?,aquarium
TEST_490,What can you see in the image?,children,What is the image that contains?,"aquarium, coral, fish",Who is the person in the image?,"boy, children",What does the image contain?,"coral, fish",Where is the image located?,aquarium,Where does the image appear?,aquarium
TEST_491,What can you see in the image?,family,What is the image that contains?,family,Who is the person in the image?,family,What does the image contain?,family,Where is the image located?,"living room, wall",Where does the image appear?,"in living room, living room"
TEST_492,What can you see in the image?,"buildings, cars, snow",What is the image that contains?,"fog, snow",Who is the person in the image?,"man, pedestrians",What does the image contain?,"fog, snow",Where is the image located?,city,Where does the image appear?,city
TEST_493,What can you see in the image?,"dishes, window",What is the image that contains?,"dishes, lots of dishes, window",Who is the person in the image?,no one,What does the image contain?,"dishes, window",Where is the image located?,kitchen,Where does the image appear?,"in kitchen, kitchen"
TEST_494,What can you see in the image?,"candle, candles, clock",What is the image that contains?,clock,Who is the person in the image?,"no one, nobody",What does the image contain?,"candles, clock",Where is the image located?,"living room, table, wall",Where does the image appear?,"dining room, living room, table"
TEST_495,What can you see in the image?,"people, people in bike",What is the image that contains?,"exercise, group, people",Who is the person in the image?,"cyclist, group, man, woman",What does the image contain?,"group of people, people",Where is the image located?,"gym, in gym",Where does the image appear?,"gym, in gym"
TEST_496,What can you see in the image?,crowd,What is the image that contains?,crowd,Who is the person in the image?,"crowd, group of people, photographer, soldiers",What does the image contain?,"crowd, soldiers",Where is the image located?,"buckingham palace, in courtyard, parade, square, stadium",Where does the image appear?,"buckingham palace, in courtyard, parade, stadium"
TEST_497,What can you see in the image?,"cars, group of people, people",What is the image that contains?,"car, cars, group, group of people, reflection",Who is the person in the image?,"group of people, man, men, men and women, woman",What does the image contain?,"group of people, people, reflection",Where is the image located?,"car, car show, mirror, parking lot, showroom",Where does the image appear?,"car show, in car show, parking lot, showroom"
TEST_498,What can you see in the image?,"frisbee, people, people playing frisbee, people playing in sand",What is the image that contains?,"beach, frisbee, sand",Who is the person in the image?,family,What does the image contain?,"beach, frisbee, people",Where is the image located?,beach,Where does the image appear?,beach
TEST_499,What can you see in the image?,"boy, shadow, skate, skateboard",What is the image that contains?,"frisbee, jumping, shadow, skate, skateboard",Who is the person in the image?,"boy, child",What does the image contain?,"jumping, shadow, skate, skateboard",Where is the image located?,"backyard, ground, park, pool, skate park",Where does the image appear?,"backyard, in pool, park, skate park"
TEST_500,What can you see in the image?,girl,What is the image that contains?,"balloon, balloons, bubble, flowers",Who is the person in the image?,girl,What does the image contain?,"balloons, bubble, flowers",Where is the image located?,"garden, park",Where does the image appear?,"garden, park"
TEST_501,What can you see in the image?,"children, frisbee, kids, people, playground",What is the image that contains?,"children, frisbee, people, playground",Who is the person in the image?,children,What does the image contain?,"children, frisbee, people, playground",Where is the image located?,"field, park",Where does the image appear?,"field, park"
TEST_502,What can you see in the image?,"palm, palm trees",What is the image that contains?,"beach, palm",Who is the person in the image?,"family, surfer, tourist",What does the image contain?,"beach, palm, palm trees",Where is the image located?,beach,Where does the image appear?,beach
TEST_503,What can you see in the image?,woman,What is the image that contains?,"subway, woman",Who is the person in the image?,woman,What does the image contain?,"train, woman",Where is the image located?,"subway, train",Where does the image appear?,"subway, train"
TEST_504,What can you see in the image?,"food, spoon",What is the image that contains?,"bowl, soup",Who is the person in the image?,no one,What does the image contain?,"food, soup",Where is the image located?,"bowl, on table, table",Where does the image appear?,"bowl, in bowl, table"
TEST_505,What can you see in the image?,"mountain, mountains, plane, sunset, surf",What is the image that contains?,"sun, sunset",Who is the person in the image?,"photographer, surfer",What does the image contain?,sunset,Where is the image located?,"beach, mountain, mountains",Where does the image appear?,"beach, mountains"
TEST_506,What can you see in the image?,"ball, man, net, volleyball, volleyball player",What is the image that contains?,"ball, blur, volleyball",Who is the person in the image?,"man, player",What does the image contain?,"ball, volleyball",Where is the image located?,"beach, court",Where does the image appear?,"beach, court, on court, volleyball court"
TEST_507,What can you see in the image?,camel,What is the image that contains?,"camel, desert",Who is the person in the image?,no one,What does the image contain?,"camel, desert",Where is the image located?,desert,Where does the image appear?,desert
TEST_508,What can you see in the image?,"baseball, baseball game, home plate",What is the image that contains?,"baseball, batter",Who is the person in the image?,"baseball player, baseball players",What does the image contain?,baseball,Where is the image located?,"baseball field, field, stadium, stands",Where does the image appear?,"baseball field, baseball stadium"
TEST_509,What can you see in the image?,"couch, man",What is the image that contains?,"couch, living room",Who is the person in the image?,man,What does the image contain?,"couch, living room, man",Where is the image located?,living room,Where does the image appear?,living room
TEST_510,What can you see in the image?,"girl, woman",What is the image that contains?,"bicyclist, lake, water",Who is the person in the image?,"girl, woman",What does the image contain?,"bicyclist, girl, park, woman riding bike",Where is the image located?,"park, pond",Where does the image appear?,"park, pond"
TEST_511,What can you see in the image?,"family, frisbee, mother and child, people",What is the image that contains?,"family, frisbee, sand",Who is the person in the image?,"family, woman",What does the image contain?,"family, frisbee, people, sun",Where is the image located?,beach,Where does the image appear?,beach
TEST_512,What can you see in the image?,"building, mountain, pagoda",What is the image that contains?,"mountain, scenery, shadow, temple",Who is the person in the image?,"man, monk, tourist, tourists",What does the image contain?,"building, mountain, pagoda, picture, scenery, temple",Where is the image located?,"china, courtyard, in courtyard, japan",Where does the image appear?,"china, in courtyard, japan"
TEST_513,What can you see in the image?,"building, mountain, pagoda",What is the image that contains?,"mountain, scenery, shadow, temple",Who is the person in the image?,"man, monk, tourist, tourists",What does the image contain?,"building, mountain, pagoda, picture, scenery, temple",Where is the image located?,"china, courtyard, in courtyard, japan",Where does the image appear?,"china, in courtyard, japan"
TEST_514,What can you see in the image?,waterfall,What is the image that contains?,waterfall,Who is the person in the image?,"nobody, photographer",What does the image contain?,waterfall,Where is the image located?,"jungle, pond",Where does the image appear?,"jungle, pond"
TEST_515,What can you see in the image?,man,What is the image that contains?,weight,Who is the person in the image?,trainer,What does the image contain?,"boxers, man, muscle, sumo, weight",Where is the image located?,arena,Where does the image appear?,"arena, gym, gymnasium"
TEST_516,What can you see in the image?,"girl, woman",What is the image that contains?,"bicyclist, lake, water",Who is the person in the image?,"girl, woman",What does the image contain?,"bicyclist, girl, park, woman riding bike",Where is the image located?,"park, pond",Where does the image appear?,"park, pond"
TEST_517,What can you see in the image?,"mountains, snow",What is the image that contains?,"mountain, mountains, snow",Who is the person in the image?,skier,What does the image contain?,mountains,Where is the image located?,mountain,Where does the image appear?,"mountain, mountains"
TEST_518,What can you see in the image?,"birthday, man, woman",What is the image that contains?,"balloons, birthday",Who is the person in the image?,"man, man and woman, woman",What does the image contain?,"balloons, birthday",Where is the image located?,kitchen,Where does the image appear?,"birthday party, kitchen"
TEST_519,What can you see in the image?,"fork, man, man in long sleeve, man in long sleeved shirt, pallet, pallets",What is the image that contains?,"boxes, pallet, warehouse",Who is the person in the image?,worker,What does the image contain?,"boxes, pallet, warehouse",Where is the image located?,warehouse,Where does the image appear?,warehouse
TEST_520,What can you see in the image?,"ice, ice skaters, people",What is the image that contains?,ice,Who is the person in the image?,man,What does the image contain?,ice,Where is the image located?,"ice, ice rink",Where does the image appear?,"ice, ice rink"
TEST_521,What can you see in the image?,"beach, lighthouse, sun",What is the image that contains?,"beach, lighthouse, sun",Who is the person in the image?,"crowd, pedestrians, photographer, surfer",What does the image contain?,"beach, lighthouse, sun",Where is the image located?,beach,Where does the image appear?,"beach, ocean"
TEST_522,What can you see in the image?,"cell phones, couple, group of people, man, people",What is the image that contains?,"cell phone, couple, group, picture",Who is the person in the image?,man,What does the image contain?,"couple, group, people, picture",Where is the image located?,park,Where does the image appear?,park
TEST_523,What can you see in the image?,"farm, house, train",What is the image that contains?,"barn, painting, steam, train",Who is the person in the image?,"conductor, no one",What does the image contain?,"farm, painting, train",Where is the image located?,"countryside, field",Where does the image appear?,"countryside, field"
TEST_524,What can you see in the image?,"baseball, baseball game, home plate",What is the image that contains?,"baseball, batter",Who is the person in the image?,"baseball player, baseball players",What does the image contain?,baseball,Where is the image located?,"baseball field, field, stadium, stands",Where does the image appear?,"baseball field, baseball stadium"
TEST_525,What can you see in the image?,"men, water",What is the image that contains?,"rowing, water",Who is the person in the image?,"men, rower",What does the image contain?,"rowing, water, water polo",Where is the image located?,water,Where does the image appear?,"lake, ocean, water"
TEST_526,What can you see in the image?,"girl, slide, swing",What is the image that contains?,playground,Who is the person in the image?,"boy, girl, toddler",What does the image contain?,"playground, slide",Where is the image located?,"park, playground",Where does the image appear?,playground
TEST_527,What can you see in the image?,"man, skateboard",What is the image that contains?,"log, number, skate",Who is the person in the image?,"athlete, runner, skateboarder, skater",What does the image contain?,"athlete, number, skateboard, skateboarder",Where is the image located?,"in woods, race, race track, skate park",Where does the image appear?,"log, race, skate park"
TEST_528,What can you see in the image?,"dumplings, noodles, pot, wontons",What is the image that contains?,"dumplings, pot",Who is the person in the image?,no one,What does the image contain?,"dumplings, food",Where is the image located?,"in pan, in pot, pan, under spoon",Where does the image appear?,"in pan, in pot"
TEST_529,What can you see in the image?,"buildings, cars, snow",What is the image that contains?,"fog, snow",Who is the person in the image?,"man, pedestrians",What does the image contain?,"fog, snow",Where is the image located?,city,Where does the image appear?,city
TEST_530,What can you see in the image?,"group of people, people",What is the image that contains?,"group, people, smiles",Who is the person in the image?,"girl, girls, group",What does the image contain?,"group, people",Where is the image located?,"in front of building, park, school",Where does the image appear?,"in crowd, in front of building, in park, school"
TEST_531,What can you see in the image?,"people, windows",What is the image that contains?,"people, room, tea",Who is the person in the image?,"family, man, men, students",What does the image contain?,"people, tea",Where is the image located?,"living room, room",Where does the image appear?,"dining room, in room, living room"
TEST_532,What can you see in the image?,"boy, family, flowers, group of people, woman",What is the image that contains?,"family, garden",Who is the person in the image?,"children, family, man, woman",What does the image contain?,"boy, family, garden",Where is the image located?,garden,Where does the image appear?,garden
TEST_533,What can you see in the image?,"play doh, toys",What is the image that contains?,"play, play box, playbox, toys",Who is the person in the image?,no one,What does the image contain?,"play box, toys",Where is the image located?,"living room, playroom",Where does the image appear?,"living room, playroom"
TEST_534,What can you see in the image?,"crafts, post its, scissors",What is the image that contains?,"post it notes, scissor, scissors",Who is the person in the image?,no one,What does the image contain?,"post it notes, post its, scissor, scissors",Where is the image located?,table,Where does the image appear?,"on table, table"
TEST_535,What can you see in the image?,food,What is the image that contains?,"bowl, food",Who is the person in the image?,no one,What does the image contain?,food,Where is the image located?,"plate, table",Where does the image appear?,"bowl, plate, table"
TEST_536,What can you see in the image?,"art, people, statues",What is the image that contains?,"art, bust, group, group of people, statue",Who is the person in the image?,"group, group of people, man, students",What does the image contain?,"art, statues",Where is the image located?,museum,Where does the image appear?,museum
TEST_537,What can you see in the image?,"mountains, snow",What is the image that contains?,"mountain, mountains, snow",Who is the person in the image?,skier,What does the image contain?,mountains,Where is the image located?,mountain,Where does the image appear?,"mountain, mountains"
TEST_538,What can you see in the image?,"basketball, frisbee, man, man with racket",What is the image that contains?,"basketball, tennis",Who is the person in the image?,"man, men",What does the image contain?,"basketball, tennis",Where is the image located?,"basketball court, court",Where does the image appear?,"basketball court, court"
TEST_539,What can you see in the image?,train,What is the image that contains?,train,Who is the person in the image?,"man, nobody, passengers, pedestrians",What does the image contain?,"train, train tracks",Where is the image located?,"train station, train tracks",Where does the image appear?,"train station, train tracks"
TEST_540,What can you see in the image?,"ice, ice hockey, ice hockey players, players",What is the image that contains?,ice hockey,Who is the person in the image?,"hockey, hockey players",What does the image contain?,"hockey, ice hockey",Where is the image located?,"arena, hockey rink, hockey stadium, ice, stadium",Where does the image appear?,"hockey rink, hockey stadium, stadium"
TEST_541,What can you see in the image?,"dishes, window",What is the image that contains?,"dishes, lots of dishes, window",Who is the person in the image?,no one,What does the image contain?,"dishes, window",Where is the image located?,kitchen,Where does the image appear?,"in kitchen, kitchen"
TEST_542,What can you see in the image?,"dishwasher, kitchen, refrigerator, urinal, water dispenser",What is the image that contains?,"pot, refrigerator, urinal, water",Who is the person in the image?,"man, no one, nobody",What does the image contain?,"kitchen, refrigerator, urinal",Where is the image located?,"bathroom, kitchen",Where does the image appear?,"bathroom, kitchen"
TEST_543,What can you see in the image?,"tree, trees",What is the image that contains?,"tree, trees",Who is the person in the image?,"no one, nobody",What does the image contain?,"tree, trees",Where is the image located?,park,Where does the image appear?,"in park, park"
TEST_544,What can you see in the image?,"ball, man, net, volleyball, volleyball player",What is the image that contains?,"ball, blur, volleyball",Who is the person in the image?,"man, player",What does the image contain?,"ball, volleyball",Where is the image located?,"beach, court",Where does the image appear?,"beach, court, on court, volleyball court"
TEST_545,What can you see in the image?,zebra,What is the image that contains?,zebra,Who is the person in the image?,no one,What does the image contain?,zebra,Where is the image located?,africa,Where does the image appear?,"africa, field"
TEST_546,What can you see in the image?,"baseball, baseball game, home plate",What is the image that contains?,"baseball, batter",Who is the person in the image?,"baseball player, baseball players",What does the image contain?,baseball,Where is the image located?,"baseball field, field, stadium, stands",Where does the image appear?,"baseball field, baseball stadium"
TEST_547,What can you see in the image?,"man, reflection",What is the image that contains?,reflection,Who is the person in the image?,"engineer, man, pilot",What does the image contain?,"airplane, factory, man, plane, reflection",Where is the image located?,"ceiling, hangar, in hangar, warehouse",Where does the image appear?,"airplane, ceiling, hangar, in garage, warehouse"
TEST_548,What can you see in the image?,"hair dryer, mirror, reflection",What is the image that contains?,"hair, hair dryer, mirror",Who is the person in the image?,no one,What does the image contain?,"hair, makeup, reflection, table, vanity",Where is the image located?,"bathroom, bedroom",Where does the image appear?,"bathroom, bedroom, in bedroom"
TEST_549,What can you see in the image?,"building, mountain, pagoda",What is the image that contains?,"mountain, scenery, shadow, temple",Who is the person in the image?,"man, monk, tourist, tourists",What does the image contain?,"building, mountain, pagoda, picture, scenery, temple",Where is the image located?,"china, courtyard, in courtyard, japan",Where does the image appear?,"china, in courtyard, japan"
TEST_550,What can you see in the image?,"people, people in bike",What is the image that contains?,"exercise, group, people",Who is the person in the image?,"cyclist, group, man, woman",What does the image contain?,"group of people, people",Where is the image located?,"gym, in gym",Where does the image appear?,"gym, in gym"
TEST_551,What can you see in the image?,"bar, bartender, man",What is the image that contains?,"bar, bar scene",Who is the person in the image?,bartender,What does the image contain?,"bar, bar scene, bartender",Where is the image located?,bar,Where does the image appear?,bar
TEST_552,What can you see in the image?,"birthday, man, woman",What is the image that contains?,"balloons, birthday",Who is the person in the image?,"man, man and woman, woman",What does the image contain?,"balloons, birthday",Where is the image located?,kitchen,Where does the image appear?,"birthday party, kitchen"
TEST_553,What can you see in the image?,"children, group, pumpkin",What is the image that contains?,"group, jack o lantern, pumpkin",Who is the person in the image?,children,What does the image contain?,"group, people, pumpkin",Where is the image located?,"parade, park, street",Where does the image appear?,"halloween, in park, street"
TEST_554,What can you see in the image?,cats,What is the image that contains?,"cat, cats",Who is the person in the image?,"no one, nobody",What does the image contain?,cats,Where is the image located?,"field, yard",Where does the image appear?,yard
TEST_555,What can you see in the image?,"boy, man, people, woman",What is the image that contains?,"ball, rock, water slide",Who is the person in the image?,"boy, woman",What does the image contain?,"climbing, climbing rocks, rock, skateboard",Where is the image located?,"indoor climbing, indoors, wall",Where does the image appear?,"in climbing wall, in room, indoor climbing, indoor climbing facility, indoor climbing wall, indoor playground"
TEST_556,What can you see in the image?,"clothes, clothing",What is the image that contains?,clothing,Who is the person in the image?,"two women, woman, women",What does the image contain?,clothing,Where is the image located?,"clothing store, store",Where does the image appear?,clothing store
TEST_557,What can you see in the image?,"couple, painting, paintings, woman",What is the image that contains?,"laptop, painting, picture",Who is the person in the image?,"man, man and woman, woman",What does the image contain?,"beach, painting, paintings, picture",Where is the image located?,beach,Where does the image appear?,beach
TEST_558,What can you see in the image?,"children, water",What is the image that contains?,"children, sprinkler, water",Who is the person in the image?,"boy, children, girl",What does the image contain?,water,Where is the image located?,"park, playground",Where does the image appear?,"playground, water park"
TEST_559,What can you see in the image?,"fencing, group, people",What is the image that contains?,"darth vader, fencing, flag, line, players",Who is the person in the image?,"jockey, players, skier",What does the image contain?,"fencing, people, players",Where is the image located?,"arena, background, behind fence, wall",Where does the image appear?,"arena, on stage, stage"
TEST_560,What can you see in the image?,woman,What is the image that contains?,"woman, yoga",Who is the person in the image?,woman,What does the image contain?,"woman, yoga",Where is the image located?,"center, floor, living room, room",Where does the image appear?,"living room, yoga"
TEST_561,What can you see in the image?,"airplane, luggage, people, people waiting for their luggage, windows",What is the image that contains?,"luggage, people, silhouette, window, windows",Who is the person in the image?,"man, passengers, travelers",What does the image contain?,"group of people, luggage, people, silhouette",Where is the image located?,airport,Where does the image appear?,airport
TEST_562,What can you see in the image?,people,What is the image that contains?,"people, picture",Who is the person in the image?,"clown, man, performers",What does the image contain?,"ceremony, costumes, people, performers",Where is the image located?,"china, courtyard, in courtyard, on ground, outside",Where does the image appear?,"in courtyard, on street"
TEST_563,What can you see in the image?,"birds, penguins",What is the image that contains?,"penguins, water",Who is the person in the image?,"no one, nobody, photographer, surfer",What does the image contain?,"birds, penguins",Where is the image located?,"beach, ocean",Where does the image appear?,ocean
TEST_564,What can you see in the image?,"cell, cell phone, woman",What is the image that contains?,"cell phone, girl, phone",Who is the person in the image?,"boy, woman",What does the image contain?,"cell phone, face, girl, woman",Where is the image located?,"bedroom, in bedroom",Where does the image appear?,"bedroom, in bedroom"
TEST_565,What can you see in the image?,"baby, baby ' s face, boy ', child ' s face, hand",What is the image that contains?,"boy, eyes, face",Who is the person in the image?,"boy, child",What does the image contain?,"boy, child ', food, toddler",Where is the image located?,"in front of wall, wall",Where does the image appear?,"in room, kitchen, room"
TEST_566,What can you see in the image?,"baseball, baseball players, grass",What is the image that contains?,baseball,Who is the person in the image?,"baseball player, baseball players",What does the image contain?,baseball,Where is the image located?,"baseball field, field",Where does the image appear?,baseball field
TEST_567,What can you see in the image?,"fire, plane",What is the image that contains?,fire,Who is the person in the image?,"no one, nobody, pilot",What does the image contain?,fire,Where is the image located?,field,Where does the image appear?,"field, forest"
TEST_568,What can you see in the image?,"frisbee, people",What is the image that contains?,"ball, frisbee, team",Who is the person in the image?,"boy, children, frisbee, frisbee players, soccer players",What does the image contain?,"frisbee, people, soccer",Where is the image located?,"court, park",Where does the image appear?,"court, park, tennis court"
TEST_569,What can you see in the image?,"sail, sailboats",What is the image that contains?,"boats, sail",Who is the person in the image?,man,What does the image contain?,"boats, sail",Where is the image located?,"beach, ocean",Where does the image appear?,"beach, ocean"
TEST_570,What can you see in the image?,"frisbee, man, man ' s legs, man ' s shadow",What is the image that contains?,"ball, hands, man, stadium",Who is the person in the image?,"athlete, man, runner",What does the image contain?,"athlete, ball, frisbee, man, man ' s legs, man ' s shadow, tennis",Where is the image located?,"court, field, stadium, tennis court, track",Where does the image appear?,"stadium, tennis court"
TEST_571,What can you see in the image?,"building, group of people, people, people riding bikes, trees",What is the image that contains?,"bicyclists, people, people riding bikes, street, tree",Who is the person in the image?,"cyclist, no one",What does the image contain?,"bicyclists, building, people, street",Where is the image located?,"city, park, street",Where does the image appear?,"bike lane, city, on street, outside, park"
TEST_572,What can you see in the image?,"baseball, baseball players, grass",What is the image that contains?,baseball,Who is the person in the image?,"baseball player, baseball players",What does the image contain?,baseball,Where is the image located?,"baseball field, field",Where does the image appear?,baseball field
TEST_573,What can you see in the image?,"food, noodles",What is the image that contains?,"bowl, food, noodles",Who is the person in the image?,no one,What does the image contain?,"food, noodles",Where is the image located?,table,Where does the image appear?,"bowl, table"
TEST_574,What can you see in the image?,eiffel tower,What is the image that contains?,eiffel tower,Who is the person in the image?,"nobody, photographer",What does the image contain?,eiffel tower,Where is the image located?,paris,Where does the image appear?,paris
TEST_575,What can you see in the image?,"sea creatures, turtle",What is the image that contains?,"sea, seaweed, turtle",Who is the person in the image?,"diver, no one",What does the image contain?,"sea life, turtle",Where is the image located?,underwater,Where does the image appear?,underwater
TEST_576,What can you see in the image?,"group of people, people",What is the image that contains?,crowd,Who is the person in the image?,students,What does the image contain?,"crowd, people",Where is the image located?,"college campus, in park, park, university",Where does the image appear?,"college campus, in park, park"
TEST_577,What can you see in the image?,sand castle,What is the image that contains?,sand castle,Who is the person in the image?,"child, girl, no one",What does the image contain?,"sand, sand castle",Where is the image located?,beach,Where does the image appear?,beach
TEST_578,What can you see in the image?,surfer,What is the image that contains?,"surfer, water, wave",Who is the person in the image?,surfer,What does the image contain?,"surfer, wave",Where is the image located?,ocean,Where does the image appear?,ocean
TEST_579,What can you see in the image?,sand castle,What is the image that contains?,sand castle,Who is the person in the image?,"child, girl, no one",What does the image contain?,"sand, sand castle",Where is the image located?,beach,Where does the image appear?,beach
TEST_580,What can you see in the image?,"family, food, man",What is the image that contains?,family,Who is the person in the image?,"family, man",What does the image contain?,family,Where is the image located?,kitchen,Where does the image appear?,"in kitchen, kitchen"
TEST_581,What can you see in the image?,"food, soup",What is the image that contains?,"bowl, carrot, soup",Who is the person in the image?,no one,What does the image contain?,"food, soup",Where is the image located?,"restaurant, table",Where does the image appear?,"bowl, in bowl, table"
TEST_582,What can you see in the image?,"fire, plane",What is the image that contains?,fire,Who is the person in the image?,"no one, nobody, pilot",What does the image contain?,fire,Where is the image located?,field,Where does the image appear?,"field, forest"
TEST_583,What can you see in the image?,"camel, pyramid",What is the image that contains?,pyramid,Who is the person in the image?,"biker, group, tourists",What does the image contain?,"camel, pyramid, pyramids",Where is the image located?,desert,Where does the image appear?,desert
TEST_584,What can you see in the image?,"group of people, people, windows",What is the image that contains?,"group of people, meeting, office, white, window",Who is the person in the image?,"business people, man, woman",What does the image contain?,"meeting, office, people",Where is the image located?,office,Where does the image appear?,office
TEST_585,What can you see in the image?,"apples, fruit, fruits",What is the image that contains?,"apples, fruit, fruits, pile",Who is the person in the image?,"no one, vendor",What does the image contain?,"fruit, fruits",Where is the image located?,"kitchen, market",Where does the image appear?,"fruit stand, in fruit shop, in kitchen, kitchen, market"
TEST_586,What can you see in the image?,"boats, people, river, trees",What is the image that contains?,"cherry blossoms, flowers, people, river",Who is the person in the image?,"family, group of people, no one, pedestrians",What does the image contain?,"cherry blossoms, flowers, people",Where is the image located?,"park, river",Where does the image appear?,"in park, lake, park, river"
TEST_587,What can you see in the image?,surfer,What is the image that contains?,water,Who is the person in the image?,surfer,What does the image contain?,"surfer, water",Where is the image located?,ocean,Where does the image appear?,ocean
TEST_588,What can you see in the image?,man,What is the image that contains?,"rain, umbrella",Who is the person in the image?,man,What does the image contain?,"man, umbrella",Where is the image located?,city,Where does the image appear?,city
TEST_589,What can you see in the image?,people,What is the image that contains?,"coffee, group, people",Who is the person in the image?,man,What does the image contain?,"group of people, people",Where is the image located?,"dining room, living room, restaurant, room",Where does the image appear?,"coffee shop, dining room, in house, living room"
TEST_590,What can you see in the image?,"mountain, mountains, plane, sunset, surf",What is the image that contains?,"sun, sunset",Who is the person in the image?,"photographer, surfer",What does the image contain?,sunset,Where is the image located?,"beach, mountain, mountains",Where does the image appear?,"beach, mountains"
TEST_591,What can you see in the image?,"girl, stack of books, woman",What is the image that contains?,"hair, homework, window, writing",Who is the person in the image?,"girl, woman",What does the image contain?,"food, homework, writing",Where is the image located?,"classroom, in room, table, window",Where does the image appear?,"classroom, desk, in office, in room, kitchen, window"
TEST_592,What can you see in the image?,flamingo,What is the image that contains?,flamingo,Who is the person in the image?,nobody,What does the image contain?,flamingo,Where is the image located?,lake,Where does the image appear?,lake
TEST_593,What can you see in the image?,"coffee, reflection, shadow, steam",What is the image that contains?,"coffee, smoke, steam",Who is the person in the image?,no one,What does the image contain?,"coffee, smoke, steam",Where is the image located?,"coffee, coffee table, table",Where does the image appear?,"coffee, coffee table, on table"
TEST_594,What can you see in the image?,woman,What is the image that contains?,"water, woman",Who is the person in the image?,woman,What does the image contain?,woman,Where is the image located?,lake,Where does the image appear?,lake
TEST_595,What can you see in the image?,"flowers, house",What is the image that contains?,flowers,Who is the person in the image?,"man, nobody",What does the image contain?,flowers,Where is the image located?,"garden, outside",Where does the image appear?,"flower garden, garden"
TEST_596,What can you see in the image?,"rows of seats, screen, seats",What is the image that contains?,"rows of seats, screen",Who is the person in the image?,"conductor, no one, nobody, speaker",What does the image contain?,"screen, seats",Where is the image located?,"auditorium, in movie, wall",Where does the image appear?,"auditorium, in movie, in waiting room"
TEST_597,What can you see in the image?,"palm, palm trees",What is the image that contains?,"beach, palm",Who is the person in the image?,"family, surfer, tourist",What does the image contain?,"beach, palm, palm trees",Where is the image located?,beach,Where does the image appear?,beach
TEST_598,What can you see in the image?,"cheese, glasses, wine",What is the image that contains?,"cheese, wine",Who is the person in the image?,"man, no one",What does the image contain?,"cheese, wine",Where is the image located?,"restaurant, table",Where does the image appear?,"dining room, restaurant"
TEST_599,What can you see in the image?,"boats, people, river, trees",What is the image that contains?,"cherry blossoms, flowers, people, river",Who is the person in the image?,"family, group of people, no one, pedestrians",What does the image contain?,"cherry blossoms, flowers, people",Where is the image located?,"park, river",Where does the image appear?,"in park, lake, park, river"
TEST_600,What can you see in the image?,"man, picture, pictures, players",What is the image that contains?,"ball, black, black and white, black and white photograph, players",Who is the person in the image?,"man, players",What does the image contain?,"black and white, leg, players, uniforms",Where is the image located?,"court, floor, on wall, wall",Where does the image appear?,"gym, gymnasium"
TEST_601,What can you see in the image?,"buildings, people",What is the image that contains?,"balloons, people, people walking, rain, street",Who is the person in the image?,pedestrians,What does the image contain?,"balloons, rain, umbrella",Where is the image located?,"alley, china, city, street",Where does the image appear?,"alley, china, city"
TEST_602,What can you see in the image?,"food, soup",What is the image that contains?,"bowl, carrot, soup",Who is the person in the image?,no one,What does the image contain?,"food, soup",Where is the image located?,"restaurant, table",Where does the image appear?,"bowl, in bowl, table"
TEST_603,What can you see in the image?,"clothes, man, man ' s clothes",What is the image that contains?,clothes,Who is the person in the image?,"man, woman",What does the image contain?,clothes,Where is the image located?,"apartment, balcony, closet, window",Where does the image appear?,"apartment, balcony, closet, in bedroom"
TEST_604,What can you see in the image?,woman,What is the image that contains?,"subway, woman",Who is the person in the image?,woman,What does the image contain?,"train, woman",Where is the image located?,"subway, train",Where does the image appear?,"subway, train"
TEST_605,What can you see in the image?,"girl, ice cream, woman, woman ', woman ' s face",What is the image that contains?,"teeth, tongue, woman '",Who is the person in the image?,woman,What does the image contain?,"donut, ice cream, tongue, woman, woman '",Where is the image located?,"background, field, park",Where does the image appear?,"field, park"
TEST_606,What can you see in the image?,"dog, horse, snow",What is the image that contains?,"dog, horse, snow",Who is the person in the image?,"man, nobody, skier",What does the image contain?,"animals, dog, horse",Where is the image located?,field,Where does the image appear?,field
TEST_607,What can you see in the image?,"couch, man",What is the image that contains?,"couch, living room",Who is the person in the image?,man,What does the image contain?,"couch, living room, man",Where is the image located?,living room,Where does the image appear?,living room
TEST_608,What can you see in the image?,"baby, child, little girl",What is the image that contains?,"basket, child, toddler, tricycle",Who is the person in the image?,"boy, child, girl",What does the image contain?,"child, child '",Where is the image located?,park,Where does the image appear?,park
TEST_609,What can you see in the image?,"chair, coffee maker, table, window",What is the image that contains?,"shadow, tabletop, window",Who is the person in the image?,no one,What does the image contain?,"coffee table, part of window, shadow, window",Where is the image located?,"dining, in room, kitchen, living room, table, window",Where does the image appear?,"coffee shop, dining, in room, kitchen, living room"
TEST_610,What can you see in the image?,"construction workers, group of people, man, people, woman",What is the image that contains?,"construction, hard hat, vest",Who is the person in the image?,worker,What does the image contain?,construction,Where is the image located?,construction site,Where does the image appear?,construction site
TEST_611,What can you see in the image?,"bed, cat, lamp, pillows",What is the image that contains?,"bed, lamp, sun",Who is the person in the image?,no one,What does the image contain?,"cat, lamp, pillows, room",Where is the image located?,"bedroom, living room",Where does the image appear?,"bedroom, living room"
TEST_612,What can you see in the image?,"beach, crowd, people, vendors",What is the image that contains?,"crowd, market, parade, shadow",Who is the person in the image?,"dancer, man, men, native, people, woman",What does the image contain?,"beach, crowd, parade, people",Where is the image located?,"africa, beach",Where does the image appear?,"beach, market"
TEST_613,What can you see in the image?,"couple, painting, paintings, woman",What is the image that contains?,"laptop, painting, picture",Who is the person in the image?,"man, man and woman, woman",What does the image contain?,"beach, painting, paintings, picture",Where is the image located?,beach,Where does the image appear?,beach
TEST_614,What can you see in the image?,"grill, knife",What is the image that contains?,"fire, grill",Who is the person in the image?,"chef, no one, nobody",What does the image contain?,"bbq, fire, flames",Where is the image located?,"background, grill, in grill, in woods",Where does the image appear?,"grill, in grill, in woods"
TEST_615,What can you see in the image?,"boy, shadow, skate, skateboard",What is the image that contains?,"frisbee, jumping, shadow, skate, skateboard",Who is the person in the image?,"boy, child",What does the image contain?,"jumping, shadow, skate, skateboard",Where is the image located?,"backyard, ground, park, pool, skate park",Where does the image appear?,"backyard, in pool, park, skate park"
TEST_616,What can you see in the image?,"beach, lighthouse, sun",What is the image that contains?,"beach, lighthouse, sun",Who is the person in the image?,"crowd, pedestrians, photographer, surfer",What does the image contain?,"beach, lighthouse, sun",Where is the image located?,beach,Where does the image appear?,"beach, ocean"
TEST_617,What can you see in the image?,"dishwasher, kitchen, refrigerator, urinal, water dispenser",What is the image that contains?,"pot, refrigerator, urinal, water",Who is the person in the image?,"man, no one, nobody",What does the image contain?,"kitchen, refrigerator, urinal",Where is the image located?,"bathroom, kitchen",Where does the image appear?,"bathroom, kitchen"
TEST_618,What can you see in the image?,"buildings, mountains, woman",What is the image that contains?,"cliff, mountain, pocahontas, ruins, view, village",Who is the person in the image?,"photographer, tourist, woman",What does the image contain?,"mountains, ruins, view, village",Where is the image located?,"machete, mountains, peru",Where does the image appear?,"cemetery, machete, mountains, peru, valley"
TEST_619,What can you see in the image?,camel,What is the image that contains?,"camel, desert",Who is the person in the image?,no one,What does the image contain?,"camel, desert",Where is the image located?,desert,Where does the image appear?,desert
TEST_620,What can you see in the image?,"girl, ice cream, woman, woman ', woman ' s face",What is the image that contains?,"teeth, tongue, woman '",Who is the person in the image?,woman,What does the image contain?,"donut, ice cream, tongue, woman, woman '",Where is the image located?,"background, field, park",Where does the image appear?,"field, park"
TEST_621,What can you see in the image?,"boy, family, flowers, group of people, woman",What is the image that contains?,"family, garden",Who is the person in the image?,"children, family, man, woman",What does the image contain?,"boy, family, garden",Where is the image located?,garden,Where does the image appear?,garden
TEST_622,What can you see in the image?,"birds, flock of birds",What is the image that contains?,"birds, flock of birds",Who is the person in the image?,"farmer, no one",What does the image contain?,birds,Where is the image located?,field,Where does the image appear?,field
TEST_623,What can you see in the image?,"mountains, woman",What is the image that contains?,"mountain, mountains, water",Who is the person in the image?,"man, woman",What does the image contain?,"cliff, mountain, mountains, view",Where is the image located?,"cliff, mountains",Where does the image appear?,"cliff, mountains"
TEST_624,What can you see in the image?,"ferris wheel, roller coaster",What is the image that contains?,"amusement, ferris wheel, roller coaster",Who is the person in the image?,"group, man",What does the image contain?,"amusement, ferris wheel, roller coaster",Where is the image located?,amusement park,Where does the image appear?,amusement park
TEST_625,What can you see in the image?,"bridge, city, lights",What is the image that contains?,"balcony, city, landscape, moon, street",Who is the person in the image?,"no one, nobody, surfer",What does the image contain?,"city, landscape, lights, moon, patio",Where is the image located?,"balcony, beach, bridge, city",Where does the image appear?,"balcony, beach, bridge, city"
TEST_626,What can you see in the image?,"clown, fire hydrant, parade",What is the image that contains?,"clown, parade",Who is the person in the image?,"boy, clown",What does the image contain?,"clown, parade",Where is the image located?,"parade, street",Where does the image appear?,parade
TEST_627,What can you see in the image?,sheep,What is the image that contains?,sheep,Who is the person in the image?,no one,What does the image contain?,sheep,Where is the image located?,field,Where does the image appear?,field
TEST_628,What can you see in the image?,people,What is the image that contains?,"coffee, group, people",Who is the person in the image?,man,What does the image contain?,"group of people, people",Where is the image located?,"dining room, living room, restaurant, room",Where does the image appear?,"coffee shop, dining room, in house, living room"
TEST_629,What can you see in the image?,trees,What is the image that contains?,"galaxy, trees",Who is the person in the image?,"no one, nobody, photographer",What does the image contain?,"sky, stars, trees",Where is the image located?,"field, forest",Where does the image appear?,"forest, in forest, under clouds"
TEST_630,What can you see in the image?,"ski, ski lift, ski tracks",What is the image that contains?,"chair, ski, ski lift, skier, snow",Who is the person in the image?,skier,What does the image contain?,"mountains, ski tracks, skier, snow",Where is the image located?,"mountains, ski slope",Where does the image appear?,"mountain, mountains, ski slope"
TEST_631,What can you see in the image?,"man, picture, pictures, players",What is the image that contains?,"ball, black, black and white, black and white photograph, players",Who is the person in the image?,"man, players",What does the image contain?,"black and white, leg, players, uniforms",Where is the image located?,"court, floor, on wall, wall",Where does the image appear?,"gym, gymnasium"
TEST_632,What can you see in the image?,"pizza, reflection",What is the image that contains?,"oven, pizza",Who is the person in the image?,"chef, no one",What does the image contain?,"fire, oven, pizza",Where is the image located?,"kitchen, oven",Where does the image appear?,"in oven, oven"
TEST_633,What can you see in the image?,"group of men, man",What is the image that contains?,"blue, cargo, construction, group of men",Who is the person in the image?,"conductor, man, policeman",What does the image contain?,"blue, cargo, construction, group of men, man, sea",Where is the image located?,"dock, harbor, train yard",Where does the image appear?,"dock, shipyard, train yard"
TEST_634,What can you see in the image?,"bench, buildings, people",What is the image that contains?,"bench, city, people",Who is the person in the image?,pedestrians,What does the image contain?,"bench, city, park, people",Where is the image located?,city,Where does the image appear?,city
TEST_635,What can you see in the image?,"candle, candles, clock",What is the image that contains?,clock,Who is the person in the image?,"no one, nobody",What does the image contain?,"candles, clock",Where is the image located?,"living room, table, wall",Where does the image appear?,"dining room, living room, table"
TEST_636,What can you see in the image?,"clothes, clothing",What is the image that contains?,clothing,Who is the person in the image?,"two women, woman, women",What does the image contain?,clothing,Where is the image located?,"clothing store, store",Where does the image appear?,clothing store
TEST_637,What can you see in the image?,"cell, cell phone, woman",What is the image that contains?,"cell phone, girl, phone",Who is the person in the image?,"boy, woman",What does the image contain?,"cell phone, face, girl, woman",Where is the image located?,"bedroom, in bedroom",Where does the image appear?,"bedroom, in bedroom"
TEST_638,What can you see in the image?,man,What is the image that contains?,"man, mural, rock",Who is the person in the image?,man,What does the image contain?,"climbing, climbing walls, people, rock, rocks",Where is the image located?,"at indoor climbing course, in cave, in room, indoor climbing, indoor playground, inside building, wall",Where does the image appear?,"at indoor climbing course, in cave, indoor climbing, indoor playground"
TEST_639,What can you see in the image?,"cars, group of people, people",What is the image that contains?,"car, cars, group, group of people, reflection",Who is the person in the image?,"group of people, man, men, men and women, woman",What does the image contain?,"group of people, people, reflection",Where is the image located?,"car, car show, mirror, parking lot, showroom",Where does the image appear?,"car show, in car show, parking lot, showroom"
TEST_640,What can you see in the image?,"man, person, skateboard, street, trees",What is the image that contains?,"blur, head, skate, sun",Who is the person in the image?,"man, woman",What does the image contain?,"man, person, skate, sun",Where is the image located?,"field, road, street",Where does the image appear?,"forest, street"
TEST_641,What can you see in the image?,people,What is the image that contains?,"people, picture",Who is the person in the image?,"clown, man, performers",What does the image contain?,"ceremony, costumes, people, performers",Where is the image located?,"china, courtyard, in courtyard, on ground, outside",Where does the image appear?,"in courtyard, on street"
TEST_642,What can you see in the image?,woman,What is the image that contains?,"water, woman",Who is the person in the image?,woman,What does the image contain?,woman,Where is the image located?,lake,Where does the image appear?,lake
TEST_643,What can you see in the image?,"food, knives, vegetables",What is the image that contains?,"food, tomatoes, vegetables",Who is the person in the image?,"no one, nobody",What does the image contain?,"food, vegetables",Where is the image located?,kitchen,Where does the image appear?,"in kitchen, kitchen"
TEST_644,What can you see in the image?,"surf, surfboard, surfer",What is the image that contains?,"surfer, water",Who is the person in the image?,surfer,What does the image contain?,"surf, surfer, water",Where is the image located?,"beach, ocean",Where does the image appear?,"beach, ocean"
TEST_645,What can you see in the image?,"birds, penguins",What is the image that contains?,"penguins, water",Who is the person in the image?,"no one, nobody, photographer, surfer",What does the image contain?,"birds, penguins",Where is the image located?,"beach, ocean",Where does the image appear?,ocean
TEST_646,What can you see in the image?,helicopter,What is the image that contains?,helicopter,Who is the person in the image?,pilot,What does the image contain?,helicopter,Where is the image located?,"mountains, sky",Where does the image appear?,"mountains, sky, valley"
TEST_647,What can you see in the image?,"kite, leaves, spider, tree",What is the image that contains?,"fog, spider, tree",Who is the person in the image?,"boy, man, no one, nobody",What does the image contain?,"fog, spider, tree",Where is the image located?,"forest, tree, woods",Where does the image appear?,"forest, under tree, woods"
TEST_648,What can you see in the image?,water slide,What is the image that contains?,"pool, water, water slide",Who is the person in the image?,"children, swimmers, visitors",What does the image contain?,water,Where is the image located?,"pool, water",Where does the image appear?,"pool, water park"
TEST_649,What can you see in the image?,woman,What is the image that contains?,"weight, woman",Who is the person in the image?,"athlete, woman",What does the image contain?,"exercise, woman",Where is the image located?,"gym, gymnasium, in gym",Where does the image appear?,"gym, gymnasium"
TEST_650,What can you see in the image?,"barista, man, man ' s face, man ' s hand, shelves",What is the image that contains?,"barista, blender, food",Who is the person in the image?,"barista, chef",What does the image contain?,"barista, man, man ' s face",Where is the image located?,"coffee, in kitchen, kitchen",Where does the image appear?,"in kitchen, kitchen"
TEST_651,What can you see in the image?,"boy, cookies, food, girl, mother and daughter, woman",What is the image that contains?,"cookies, father and son, food, mother ' s smile, mother and daughter, toddler",Who is the person in the image?,"boy, man, woman",What does the image contain?,"boy, cookies, food, mother and child",Where is the image located?,kitchen,Where does the image appear?,kitchen
TEST_652,What can you see in the image?,"buildings, canal, street",What is the image that contains?,"river, street, town, water",Who is the person in the image?,"no one, nobody, pedestrians",What does the image contain?,"buildings, canal, street, water",Where is the image located?,"canal, town",Where does the image appear?,"canal, town"
TEST_653,What can you see in the image?,"crafts, post its, scissors",What is the image that contains?,"post it notes, scissor, scissors",Who is the person in the image?,no one,What does the image contain?,"post it notes, post its, scissor, scissors",Where is the image located?,table,Where does the image appear?,"on table, table"
TEST_654,What can you see in the image?,man,What is the image that contains?,"action, man, picture",Who is the person in the image?,man,What does the image contain?,"kendo, man, picture, uniform",Where is the image located?,wall,Where does the image appear?,"gym, gymnasium, in front of wall, in gymnasium, wall"
TEST_655,What can you see in the image?,"tree, trees",What is the image that contains?,"tree, trees",Who is the person in the image?,"no one, nobody",What does the image contain?,"tree, trees",Where is the image located?,park,Where does the image appear?,"in park, park"
TEST_656,What can you see in the image?,cat,What is the image that contains?,"cat, window",Who is the person in the image?,"no one, nobody",What does the image contain?,cat,Where is the image located?,window,Where does the image appear?,window
TEST_657,What can you see in the image?,"sail, sailboat",What is the image that contains?,"sail, sailboat",Who is the person in the image?,"no one, nobody",What does the image contain?,sailboat,Where is the image located?,ocean,Where does the image appear?,ocean
TEST_658,What can you see in the image?,people,What is the image that contains?,"band, blur, people",Who is the person in the image?,"group, man, woman",What does the image contain?,people,Where is the image located?,"city, street",Where does the image appear?,city
TEST_659,What can you see in the image?,"man, woman",What is the image that contains?,ice,Who is the person in the image?,skater,What does the image contain?,ice,Where is the image located?,"ice, ice rink",Where does the image appear?,"ice, ice rink"
TEST_660,What can you see in the image?,"family, frisbee, mother and child, people",What is the image that contains?,"family, frisbee, sand",Who is the person in the image?,"family, woman",What does the image contain?,"family, frisbee, people, sun",Where is the image located?,beach,Where does the image appear?,beach
TEST_661,What can you see in the image?,"dolphins, group of dolphins",What is the image that contains?,"coral, dolphins, group of dolphins",Who is the person in the image?,diver,What does the image contain?,"dolphins, group of dolphins",Where is the image located?,underwater,Where does the image appear?,underwater
TEST_662,What can you see in the image?,"airplane, luggage, people, people waiting for their luggage, windows",What is the image that contains?,"luggage, people, silhouette, window, windows",Who is the person in the image?,"man, passengers, travelers",What does the image contain?,"group of people, luggage, people, silhouette",Where is the image located?,airport,Where does the image appear?,airport
TEST_663,What can you see in the image?,"dolphins, group of dolphins",What is the image that contains?,"coral, dolphins, group of dolphins",Who is the person in the image?,diver,What does the image contain?,"dolphins, group of dolphins",Where is the image located?,underwater,Where does the image appear?,underwater
TEST_664,What can you see in the image?,"baby, child, little girl",What is the image that contains?,"basket, child, toddler, tricycle",Who is the person in the image?,"boy, child, girl",What does the image contain?,"child, child '",Where is the image located?,park,Where does the image appear?,park
TEST_665,What can you see in the image?,"crafts, post its, scissors",What is the image that contains?,"post it notes, scissor, scissors",Who is the person in the image?,no one,What does the image contain?,"post it notes, post its, scissor, scissors",Where is the image located?,table,Where does the image appear?,"on table, table"
TEST_666,What can you see in the image?,"mountain, mountains, plane, sunset, surf",What is the image that contains?,"sun, sunset",Who is the person in the image?,"photographer, surfer",What does the image contain?,sunset,Where is the image located?,"beach, mountain, mountains",Where does the image appear?,"beach, mountains"
TEST_667,What can you see in the image?,"chair, coffee maker, table, window",What is the image that contains?,"shadow, tabletop, window",Who is the person in the image?,no one,What does the image contain?,"coffee table, part of window, shadow, window",Where is the image located?,"dining, in room, kitchen, living room, table, window",Where does the image appear?,"coffee shop, dining, in room, kitchen, living room"
TEST_668,What can you see in the image?,buildings,What is the image that contains?,"church, sunset, town",Who is the person in the image?,"photographer, skier",What does the image contain?,"buildings, sunset",Where is the image located?,"beach, near water, ocean, on cliff, town, village",Where does the image appear?,"near beach, ocean, on cliff, town, village"
TEST_669,What can you see in the image?,"mountains, woman",What is the image that contains?,"mountain, mountains, water",Who is the person in the image?,"man, woman",What does the image contain?,"cliff, mountain, mountains, view",Where is the image located?,"cliff, mountains",Where does the image appear?,"cliff, mountains"
TEST_670,What can you see in the image?,chalkboard,What is the image that contains?,"chalk, chalkboard, classroom, map",Who is the person in the image?,teacher,What does the image contain?,"chalkboard, chart, children, classroom, map",Where is the image located?,"chalkboard, classroom",Where does the image appear?,classroom
TEST_671,What can you see in the image?,"city, sun",What is the image that contains?,"setting, sun",Who is the person in the image?,"bicyclist, cyclist, photographer, surfer",What does the image contain?,"setting, sun",Where is the image located?,"beach, lake, park",Where does the image appear?,"lake, ocean, park"
TEST_672,What can you see in the image?,"dishes, window",What is the image that contains?,"dishes, lots of dishes, window",Who is the person in the image?,no one,What does the image contain?,"dishes, window",Where is the image located?,kitchen,Where does the image appear?,"in kitchen, kitchen"
TEST_673,What can you see in the image?,"baby, child, little girl",What is the image that contains?,"basket, child, toddler, tricycle",Who is the person in the image?,"boy, child, girl",What does the image contain?,"child, child '",Where is the image located?,park,Where does the image appear?,park
TEST_674,What can you see in the image?,"man, man ' s legs, men, runners, tennis players",What is the image that contains?,"ball, running, running man",Who is the person in the image?,"athlete, runner, runners",What does the image contain?,"players, race, runner, runners, running man",Where is the image located?,"field, tennis court, track",Where does the image appear?,"race, soccer field, tennis court, track"
TEST_675,What can you see in the image?,"airplane, plane",What is the image that contains?,"clouds, plane, wing",Who is the person in the image?,"no one, pilot",What does the image contain?,"clouds, plane",Where is the image located?,"in sky, sky",Where does the image appear?,"in sky, sky"
TEST_676,What can you see in the image?,"dishes, window",What is the image that contains?,"dishes, lots of dishes, window",Who is the person in the image?,no one,What does the image contain?,"dishes, window",Where is the image located?,kitchen,Where does the image appear?,"in kitchen, kitchen"
TEST_677,What can you see in the image?,"barista, man, man ' s face, man ' s hand, shelves",What is the image that contains?,"barista, blender, food",Who is the person in the image?,"barista, chef",What does the image contain?,"barista, man, man ' s face",Where is the image located?,"coffee, in kitchen, kitchen",Where does the image appear?,"in kitchen, kitchen"
TEST_678,What can you see in the image?,"crowd, hot air balloons, people",What is the image that contains?,"balloons, crowd",Who is the person in the image?,"group, spectators, tourists",What does the image contain?,"balloons, crowd, hot air, people",Where is the image located?,"city, crowd, mountains",Where does the image appear?,"crowd, mountains, on cliff"
TEST_679,What can you see in the image?,"bridge, city, lights",What is the image that contains?,"balcony, city, landscape, moon, street",Who is the person in the image?,"no one, nobody, surfer",What does the image contain?,"city, landscape, lights, moon, patio",Where is the image located?,"balcony, beach, bridge, city",Where does the image appear?,"balcony, beach, bridge, city"
TEST_680,What can you see in the image?,"family, food, man",What is the image that contains?,family,Who is the person in the image?,"family, man",What does the image contain?,family,Where is the image located?,kitchen,Where does the image appear?,"in kitchen, kitchen"
TEST_681,What can you see in the image?,"group of people, people",What is the image that contains?,"food, group, group of people, light, people",Who is the person in the image?,"man, waiter",What does the image contain?,"food, people",Where is the image located?,"restaurant, room",Where does the image appear?,restaurant
TEST_682,What can you see in the image?,"group of people, people",What is the image that contains?,crowd,Who is the person in the image?,students,What does the image contain?,"crowd, people",Where is the image located?,"college campus, in park, park, university",Where does the image appear?,"college campus, in park, park"
TEST_683,What can you see in the image?,"dog, horse, snow",What is the image that contains?,"dog, horse, snow",Who is the person in the image?,"man, nobody, skier",What does the image contain?,"animals, dog, horse",Where is the image located?,field,Where does the image appear?,field
TEST_684,What can you see in the image?,camel,What is the image that contains?,"camel, desert",Who is the person in the image?,no one,What does the image contain?,"camel, desert",Where is the image located?,desert,Where does the image appear?,desert
TEST_685,What can you see in the image?,"crosswalk, woman, woman crossing",What is the image that contains?,crosswalk,Who is the person in the image?,"man, woman",What does the image contain?,crosswalk,Where is the image located?,crosswalk,Where does the image appear?,crosswalk
TEST_686,What can you see in the image?,woman,What is the image that contains?,"subway, woman",Who is the person in the image?,woman,What does the image contain?,"train, woman",Where is the image located?,"subway, train",Where does the image appear?,"subway, train"
TEST_687,What can you see in the image?,"fountain, skyscraper",What is the image that contains?,"fireworks, fountain, skyscraper",Who is the person in the image?,photographer,What does the image contain?,"fireworks, fountain, skyscraper",Where is the image located?,"city, in city, middle, new york, water",Where does the image appear?,"city, in city, in middle of city, new york"
TEST_688,What can you see in the image?,"gazelle, giraffe",What is the image that contains?,"antelope, gazelle",Who is the person in the image?,"no one, nobody",What does the image contain?,"antelope, deer",Where is the image located?,forest,Where does the image appear?,forest
TEST_689,What can you see in the image?,"camel, pyramid",What is the image that contains?,pyramid,Who is the person in the image?,"biker, group, tourists",What does the image contain?,"camel, pyramid, pyramids",Where is the image located?,desert,Where does the image appear?,desert
TEST_690,What can you see in the image?,"mountain, mountains, plane, sunset, surf",What is the image that contains?,"sun, sunset",Who is the person in the image?,"photographer, surfer",What does the image contain?,sunset,Where is the image located?,"beach, mountain, mountains",Where does the image appear?,"beach, mountains"
TEST_691,What can you see in the image?,mug,What is the image that contains?,mug,Who is the person in the image?,"no one, nobody",What does the image contain?,mug,Where is the image located?,table,Where does the image appear?,"dining room, kitchen, table"
TEST_692,What can you see in the image?,"skillet, woman, woman ' s hair",What is the image that contains?,"skillet, wok, woman",Who is the person in the image?,"chef, woman",What does the image contain?,"cooking, food, skillet, woman, woman cooking",Where is the image located?,kitchen,Where does the image appear?,"in kitchen, kitchen"
TEST_693,What can you see in the image?,"snow, trees, truck, trucks",What is the image that contains?,snow,Who is the person in the image?,"man, no one, nobody, skier",What does the image contain?,snow,Where is the image located?,"road, woods",Where does the image appear?,"road, woods"
TEST_694,What can you see in the image?,"bride, bride and groom",What is the image that contains?,"bride, wedding",Who is the person in the image?,bride,What does the image contain?,"bride, flowers, wedding",Where is the image located?,wedding,Where does the image appear?,"at wedding, wedding"
TEST_695,What can you see in the image?,"cell phones, couple, group of people, man, people",What is the image that contains?,"cell phone, couple, group, picture",Who is the person in the image?,man,What does the image contain?,"couple, group, people, picture",Where is the image located?,park,Where does the image appear?,park
TEST_696,What can you see in the image?,"child, little girl",What is the image that contains?,"baby, toddler",Who is the person in the image?,"child, toddler",What does the image contain?,"child, child playing, child riding bike, toddler",Where is the image located?,park,Where does the image appear?,"garden, in park, park"
TEST_697,What can you see in the image?,city,What is the image that contains?,city,Who is the person in the image?,man,What does the image contain?,city,Where is the image located?,city,Where does the image appear?,city
TEST_698,What can you see in the image?,"farm, house, train",What is the image that contains?,"barn, painting, steam, train",Who is the person in the image?,"conductor, no one",What does the image contain?,"farm, painting, train",Where is the image located?,"countryside, field",Where does the image appear?,"countryside, field"
TEST_699,What can you see in the image?,polar bear,What is the image that contains?,polar bear,Who is the person in the image?,"no one, photographer",What does the image contain?,polar bear,Where is the image located?,"antarctica, glacier",Where does the image appear?,"antarctica, glacier, ice"
TEST_700,What can you see in the image?,"cars, man",What is the image that contains?,"parking, parking meter",Who is the person in the image?,"cop, man, woman",What does the image contain?,"man, parking, parking meter",Where is the image located?,parking lot,Where does the image appear?,parking lot
TEST_701,What can you see in the image?,"dishwasher, kitchen, refrigerator, urinal, water dispenser",What is the image that contains?,"pot, refrigerator, urinal, water",Who is the person in the image?,"man, no one, nobody",What does the image contain?,"kitchen, refrigerator, urinal",Where is the image located?,"bathroom, kitchen",Where does the image appear?,"bathroom, kitchen"
TEST_702,What can you see in the image?,"boy, cookies, food, girl, mother and daughter, woman",What is the image that contains?,"cookies, father and son, food, mother ' s smile, mother and daughter, toddler",Who is the person in the image?,"boy, man, woman",What does the image contain?,"boy, cookies, food, mother and child",Where is the image located?,kitchen,Where does the image appear?,kitchen
TEST_703,What can you see in the image?,"ice, ice hockey, ice hockey players, players",What is the image that contains?,ice hockey,Who is the person in the image?,"hockey, hockey players",What does the image contain?,"hockey, ice hockey",Where is the image located?,"arena, hockey rink, hockey stadium, ice, stadium",Where does the image appear?,"hockey rink, hockey stadium, stadium"
TEST_704,What can you see in the image?,sheep,What is the image that contains?,sheep,Who is the person in the image?,no one,What does the image contain?,sheep,Where is the image located?,field,Where does the image appear?,field
TEST_705,What can you see in the image?,"mountains, snow",What is the image that contains?,"mountain, mountains, snow",Who is the person in the image?,skier,What does the image contain?,mountains,Where is the image located?,mountain,Where does the image appear?,"mountain, mountains"
TEST_706,What can you see in the image?,"frisbee, man, man ' s legs, man ' s shadow",What is the image that contains?,"ball, hands, man, stadium",Who is the person in the image?,"athlete, man, runner",What does the image contain?,"athlete, ball, frisbee, man, man ' s legs, man ' s shadow, tennis",Where is the image located?,"court, field, stadium, tennis court, track",Where does the image appear?,"stadium, tennis court"
TEST_707,What can you see in the image?,"crosswalk, woman, woman crossing",What is the image that contains?,crosswalk,Who is the person in the image?,"man, woman",What does the image contain?,crosswalk,Where is the image located?,crosswalk,Where does the image appear?,crosswalk
TEST_708,What can you see in the image?,cat,What is the image that contains?,"cat, window",Who is the person in the image?,"no one, nobody",What does the image contain?,cat,Where is the image located?,window,Where does the image appear?,window
TEST_709,What can you see in the image?,"man, people, woman",What is the image that contains?,"blur, hair, head, portrait, profile",Who is the person in the image?,"man, woman",What does the image contain?,"man, people, person, woman",Where is the image located?,living room,Where does the image appear?,"in living room, living room"
TEST_710,What can you see in the image?,"group of people, hills, people",What is the image that contains?,"group, hat, landscape",Who is the person in the image?,"group, man, woman",What does the image contain?,"group, landscape, people",Where is the image located?,"balcony, countryside, mountains",Where does the image appear?,"balcony, countryside, hillside, on hillside, wine tasting"
TEST_711,What can you see in the image?,"group of men, man",What is the image that contains?,"blue, cargo, construction, group of men",Who is the person in the image?,"conductor, man, policeman",What does the image contain?,"blue, cargo, construction, group of men, man, sea",Where is the image located?,"dock, harbor, train yard",Where does the image appear?,"dock, shipyard, train yard"
TEST_712,What can you see in the image?,"group of people, people",What is the image that contains?,"food, group, group of people, light, people",Who is the person in the image?,"man, waiter",What does the image contain?,"food, people",Where is the image located?,"restaurant, room",Where does the image appear?,restaurant
TEST_713,What can you see in the image?,"candle, candles, clock",What is the image that contains?,clock,Who is the person in the image?,"no one, nobody",What does the image contain?,"candles, clock",Where is the image located?,"living room, table, wall",Where does the image appear?,"dining room, living room, table"
TEST_714,What can you see in the image?,"seagull, turtle",What is the image that contains?,turtle,Who is the person in the image?,diver,What does the image contain?,turtle,Where is the image located?,underwater,Where does the image appear?,underwater
TEST_715,What can you see in the image?,"man, person, skateboard, street, trees",What is the image that contains?,"blur, head, skate, sun",Who is the person in the image?,"man, woman",What does the image contain?,"man, person, skate, sun",Where is the image located?,"field, road, street",Where does the image appear?,"forest, street"
TEST_716,What can you see in the image?,"family, frisbee, mother and child, people",What is the image that contains?,"family, frisbee, sand",Who is the person in the image?,"family, woman",What does the image contain?,"family, frisbee, people, sun",Where is the image located?,beach,Where does the image appear?,beach
TEST_717,What can you see in the image?,parasail,What is the image that contains?,"parachute, parasail",Who is the person in the image?,"man, windsurfer",What does the image contain?,"parachute, parasail",Where is the image located?,"beach, sky",Where does the image appear?,"beach, sky"
TEST_718,What can you see in the image?,"people, projection, projection screen, projector, screen",What is the image that contains?,"audience, blur, projection, projector",Who is the person in the image?,"man, woman",What does the image contain?,"audience, movie, projector",Where is the image located?,"movie, movie theater, wall",Where does the image appear?,"auditorium, classroom, in movie"
TEST_719,What can you see in the image?,"cell, cell phone, wallet",What is the image that contains?,"calculator, cell phone, wallet",Who is the person in the image?,no one,What does the image contain?,"cell, wallet",Where is the image located?,table,Where does the image appear?,"on table, table"
TEST_720,What can you see in the image?,"clothes, clothing",What is the image that contains?,clothing,Who is the person in the image?,"two women, woman, women",What does the image contain?,clothing,Where is the image located?,"clothing store, store",Where does the image appear?,clothing store
TEST_721,What can you see in the image?,"farm, house, train",What is the image that contains?,"barn, painting, steam, train",Who is the person in the image?,"conductor, no one",What does the image contain?,"farm, painting, train",Where is the image located?,"countryside, field",Where does the image appear?,"countryside, field"
TEST_722,What can you see in the image?,mug,What is the image that contains?,mug,Who is the person in the image?,"no one, nobody",What does the image contain?,mug,Where is the image located?,table,Where does the image appear?,"dining room, kitchen, table"
TEST_723,What can you see in the image?,"donkey, man, man with goat",What is the image that contains?,"donkey, man, man with goat, shadow",Who is the person in the image?,"farmer, man",What does the image contain?,"donkey, man, man and donkey, man with horse, man with ox",Where is the image located?,"countryside, field, mountains, road",Where does the image appear?,"countryside, mountains, road"
TEST_724,What can you see in the image?,"basketball, man, wheelchair",What is the image that contains?,"ball, basketball, wheelchair",Who is the person in the image?,"athlete, basketball player, man, wheelchair, wheelchair man",What does the image contain?,"basketball, players, wheelchair",Where is the image located?,"court, gym, gymnasium, wheelchair",Where does the image appear?,"basketball court, gymnasium, wheelchair court"
TEST_725,What can you see in the image?,"laptop, people, students, woman",What is the image that contains?,"blur, laptop, people",Who is the person in the image?,"man, student, woman",What does the image contain?,"blur, food, people, writing",Where is the image located?,"classroom, library, restaurant",Where does the image appear?,"classroom, library, restaurant"
TEST_726,What can you see in the image?,"airplane, plane",What is the image that contains?,"clouds, plane, wing",Who is the person in the image?,"no one, pilot",What does the image contain?,"clouds, plane",Where is the image located?,"in sky, sky",Where does the image appear?,"in sky, sky"
TEST_727,What can you see in the image?,"horses, tents",What is the image that contains?,"horses, kite, landscape, mountains",Who is the person in the image?,"children, man, riders",What does the image contain?,"horses, kite, mountains",Where is the image located?,"field, mountains",Where does the image appear?,"field, mountains"
TEST_728,What can you see in the image?,"man, produce",What is the image that contains?,"basket, baskets, crowd, food, man, man and woman",Who is the person in the image?,"man, woman",What does the image contain?,"flowers, food, man, people, produce, vegetables",Where is the image located?,market,Where does the image appear?,market
TEST_729,What can you see in the image?,dog,What is the image that contains?,"dog, snow",Who is the person in the image?,"no one, nobody",What does the image contain?,dog,Where is the image located?,"field, ground, woods",Where does the image appear?,"in snow, in woods"
TEST_730,What can you see in the image?,"frisbee, girl, group of children, kite, little girl",What is the image that contains?,"frisbee, kite",Who is the person in the image?,"family, girl, group",What does the image contain?,"frisbee, kite",Where is the image located?,"field, park",Where does the image appear?,"field, park"
TEST_731,What can you see in the image?,train,What is the image that contains?,train,Who is the person in the image?,"man, nobody, passengers, pedestrians",What does the image contain?,"train, train tracks",Where is the image located?,"train station, train tracks",Where does the image appear?,"train station, train tracks"
TEST_732,What can you see in the image?,"hot air balloon, kite",What is the image that contains?,"hot air balloon, kite, sky",Who is the person in the image?,"man, no one",What does the image contain?,"hot air balloon, kite",Where is the image located?,"field, sky",Where does the image appear?,"field, sky"
TEST_733,What can you see in the image?,"boy, man, people, woman",What is the image that contains?,"ball, rock, water slide",Who is the person in the image?,"boy, woman",What does the image contain?,"climbing, climbing rocks, rock, skateboard",Where is the image located?,"indoor climbing, indoors, wall",Where does the image appear?,"in climbing wall, in room, indoor climbing, indoor climbing facility, indoor climbing wall, indoor playground"
TEST_734,What can you see in the image?,"sail, sailboat",What is the image that contains?,"sail, sailboat",Who is the person in the image?,"no one, nobody",What does the image contain?,sailboat,Where is the image located?,ocean,Where does the image appear?,ocean
TEST_735,What can you see in the image?,"hand, woman, woman ' s hair",What is the image that contains?,"cleaning, woman, woman ' s face",Who is the person in the image?,"man, woman",What does the image contain?,"cleaning, scrubber, woman",Where is the image located?,"in kitchen, kitchen",Where does the image appear?,"in kitchen, kitchen"
TEST_736,What can you see in the image?,woman,What is the image that contains?,"woman, yoga",Who is the person in the image?,woman,What does the image contain?,"woman, yoga",Where is the image located?,"center, floor, living room, room",Where does the image appear?,"living room, yoga"
TEST_737,What can you see in the image?,"boy, family, flowers, group of people, woman",What is the image that contains?,"family, garden",Who is the person in the image?,"children, family, man, woman",What does the image contain?,"boy, family, garden",Where is the image located?,garden,Where does the image appear?,garden
TEST_738,What can you see in the image?,"frisbee, people",What is the image that contains?,"ball, frisbee, team",Who is the person in the image?,"boy, children, frisbee, frisbee players, soccer players",What does the image contain?,"frisbee, people, soccer",Where is the image located?,"court, park",Where does the image appear?,"court, park, tennis court"
TEST_739,What can you see in the image?,"rows of bottles, shelves",What is the image that contains?,"books, shelves, wine",Who is the person in the image?,"bartender, man, no one",What does the image contain?,"shelves, wine",Where is the image located?,"library, store",Where does the image appear?,"cellar, in bar, in library, library"
TEST_740,What can you see in the image?,"girl, ice cream, woman, woman ', woman ' s face",What is the image that contains?,"teeth, tongue, woman '",Who is the person in the image?,woman,What does the image contain?,"donut, ice cream, tongue, woman, woman '",Where is the image located?,"background, field, park",Where does the image appear?,"field, park"
TEST_741,What can you see in the image?,"flowers, house",What is the image that contains?,flowers,Who is the person in the image?,"man, nobody",What does the image contain?,flowers,Where is the image located?,"garden, outside",Where does the image appear?,"flower garden, garden"
TEST_742,What can you see in the image?,"basketball, frisbee, man, man with racket",What is the image that contains?,"basketball, tennis",Who is the person in the image?,"man, men",What does the image contain?,"basketball, tennis",Where is the image located?,"basketball court, court",Where does the image appear?,"basketball court, court"
TEST_743,What can you see in the image?,"group of people, people",What is the image that contains?,"food, group, group of people, light, people",Who is the person in the image?,"man, waiter",What does the image contain?,"food, people",Where is the image located?,"restaurant, room",Where does the image appear?,restaurant
TEST_744,What can you see in the image?,"jewelry, men and mannequin, vase",What is the image that contains?,jewelry,Who is the person in the image?,"man, man and woman, shoppers, woman",What does the image contain?,jewelry,Where is the image located?,"in gallery, in shop, museum, store",Where does the image appear?,"in jewelry shop, jewelry shop, museum, store"
TEST_745,What can you see in the image?,"bench, path, road, trees",What is the image that contains?,"path, road, trees",Who is the person in the image?,"no one, nobody",What does the image contain?,"leaves, path, road, trees",Where is the image located?,"park, road, woods",Where does the image appear?,"in woods, park, woods"
TEST_746,What can you see in the image?,"children, water",What is the image that contains?,"children, sprinkler, water",Who is the person in the image?,"boy, children, girl",What does the image contain?,water,Where is the image located?,"park, playground",Where does the image appear?,"playground, water park"
TEST_747,What can you see in the image?,"fork, man, man in long sleeve, man in long sleeved shirt, pallet, pallets",What is the image that contains?,"boxes, pallet, warehouse",Who is the person in the image?,worker,What does the image contain?,"boxes, pallet, warehouse",Where is the image located?,warehouse,Where does the image appear?,warehouse
TEST_748,What can you see in the image?,"donkey, man, man with goat",What is the image that contains?,"donkey, man, man with goat, shadow",Who is the person in the image?,"farmer, man",What does the image contain?,"donkey, man, man and donkey, man with horse, man with ox",Where is the image located?,"countryside, field, mountains, road",Where does the image appear?,"countryside, mountains, road"
TEST_749,What can you see in the image?,"group of people, people",What is the image that contains?,"food, group, group of people, light, people",Who is the person in the image?,"man, waiter",What does the image contain?,"food, people",Where is the image located?,"restaurant, room",Where does the image appear?,restaurant
TEST_750,What can you see in the image?,"buildings, cars, snow",What is the image that contains?,"fog, snow",Who is the person in the image?,"man, pedestrians",What does the image contain?,"fog, snow",Where is the image located?,city,Where does the image appear?,city
TEST_751,What can you see in the image?,children,What is the image that contains?,"aquarium, coral, fish",Who is the person in the image?,"boy, children",What does the image contain?,"coral, fish",Where is the image located?,aquarium,Where does the image appear?,aquarium
TEST_752,What can you see in the image?,"children, frisbee, kids, people, playground",What is the image that contains?,"children, frisbee, people, playground",Who is the person in the image?,children,What does the image contain?,"children, frisbee, people, playground",Where is the image located?,"field, park",Where does the image appear?,"field, park"
TEST_753,What can you see in the image?,"kite, leaves, spider, tree",What is the image that contains?,"fog, spider, tree",Who is the person in the image?,"boy, man, no one, nobody",What does the image contain?,"fog, spider, tree",Where is the image located?,"forest, tree, woods",Where does the image appear?,"forest, under tree, woods"
TEST_754,What can you see in the image?,"man, produce",What is the image that contains?,"basket, baskets, crowd, food, man, man and woman",Who is the person in the image?,"man, woman",What does the image contain?,"flowers, food, man, people, produce, vegetables",Where is the image located?,market,Where does the image appear?,market
TEST_755,What can you see in the image?,"couch, man",What is the image that contains?,"couch, living room",Who is the person in the image?,man,What does the image contain?,"couch, living room, man",Where is the image located?,living room,Where does the image appear?,living room
TEST_756,What can you see in the image?,"cars, houses, tree",What is the image that contains?,"street, tree",Who is the person in the image?,"no one, nobody",What does the image contain?,"neighborhood, street, trees",Where is the image located?,street,Where does the image appear?,street
TEST_757,What can you see in the image?,"ice, ice skaters, people",What is the image that contains?,ice,Who is the person in the image?,man,What does the image contain?,ice,Where is the image located?,"ice, ice rink",Where does the image appear?,"ice, ice rink"
TEST_758,What can you see in the image?,"baby, blurry side, window",What is the image that contains?,"blur, blurry, eyes",Who is the person in the image?,"baby, child",What does the image contain?,"baby, blur, blurry, child",Where is the image located?,"car, in car, outside, window",Where does the image appear?,"car, in car, outside, train, window"
TEST_759,What can you see in the image?,"clothing, people, store",What is the image that contains?,"clothing, crowd",Who is the person in the image?,"shopper, shoppers",What does the image contain?,"clothing, people, store",Where is the image located?,"airport, mall",Where does the image appear?,"airport, mall"
TEST_760,What can you see in the image?,"children, water",What is the image that contains?,"children, sprinkler, water",Who is the person in the image?,"boy, children, girl",What does the image contain?,water,Where is the image located?,"park, playground",Where does the image appear?,"playground, water park"
TEST_761,What can you see in the image?,"cars, houses, tree",What is the image that contains?,"street, tree",Who is the person in the image?,"no one, nobody",What does the image contain?,"neighborhood, street, trees",Where is the image located?,street,Where does the image appear?,street
TEST_762,What can you see in the image?,"bed, cat, lamp, pillows",What is the image that contains?,"bed, lamp, sun",Who is the person in the image?,no one,What does the image contain?,"cat, lamp, pillows, room",Where is the image located?,"bedroom, living room",Where does the image appear?,"bedroom, living room"
TEST_763,What can you see in the image?,train,What is the image that contains?,train,Who is the person in the image?,"man, nobody, passengers, pedestrians",What does the image contain?,"train, train tracks",Where is the image located?,"train station, train tracks",Where does the image appear?,"train station, train tracks"
TEST_764,What can you see in the image?,"cars, houses, tree",What is the image that contains?,"street, tree",Who is the person in the image?,"no one, nobody",What does the image contain?,"neighborhood, street, trees",Where is the image located?,street,Where does the image appear?,street
TEST_765,What can you see in the image?,"crowd, hot air balloons, people",What is the image that contains?,"balloons, crowd",Who is the person in the image?,"group, spectators, tourists",What does the image contain?,"balloons, crowd, hot air, people",Where is the image located?,"city, crowd, mountains",Where does the image appear?,"crowd, mountains, on cliff"
TEST_766,What can you see in the image?,"graffiti, part of building",What is the image that contains?,graffiti,Who is the person in the image?,"boy, man, no one, skateboarder",What does the image contain?,graffiti,Where is the image located?,"ground, street, train tracks, under bridge",Where does the image appear?,"in alley, on sidewalk, train tracks, under bridge, underpass"
TEST_767,What can you see in the image?,"crosswalk, woman, woman crossing",What is the image that contains?,crosswalk,Who is the person in the image?,"man, woman",What does the image contain?,crosswalk,Where is the image located?,crosswalk,Where does the image appear?,crosswalk
TEST_768,What can you see in the image?,"cars, man",What is the image that contains?,"parking, parking meter",Who is the person in the image?,"cop, man, woman",What does the image contain?,"man, parking, parking meter",Where is the image located?,parking lot,Where does the image appear?,parking lot
TEST_769,What can you see in the image?,"beach, lighthouse, sun",What is the image that contains?,"beach, lighthouse, sun",Who is the person in the image?,"crowd, pedestrians, photographer, surfer",What does the image contain?,"beach, lighthouse, sun",Where is the image located?,beach,Where does the image appear?,"beach, ocean"
TEST_770,What can you see in the image?,train,What is the image that contains?,"blur, train",Who is the person in the image?,"conductor, no one, nobody",What does the image contain?,train,Where is the image located?,"countryside, field, train tracks",Where does the image appear?,"countryside, field, train tracks"
TEST_771,What can you see in the image?,helicopter,What is the image that contains?,helicopter,Who is the person in the image?,pilot,What does the image contain?,helicopter,Where is the image located?,"field, sky",Where does the image appear?,"field, in sky, sky"
TEST_772,What can you see in the image?,"city, sun",What is the image that contains?,"setting, sun",Who is the person in the image?,"bicyclist, cyclist, photographer, surfer",What does the image contain?,"setting, sun",Where is the image located?,"beach, lake, park",Where does the image appear?,"lake, ocean, park"
TEST_773,What can you see in the image?,food,What is the image that contains?,food,Who is the person in the image?,"chef, no one, waiter",What does the image contain?,food,Where is the image located?,"kitchen, restaurant, table",Where does the image appear?,"kitchen, restaurant"
TEST_774,What can you see in the image?,"crosswalk, woman, woman crossing",What is the image that contains?,crosswalk,Who is the person in the image?,"man, woman",What does the image contain?,crosswalk,Where is the image located?,crosswalk,Where does the image appear?,crosswalk
TEST_775,What can you see in the image?,"hot air balloon, kite",What is the image that contains?,"hot air balloon, kite, sky",Who is the person in the image?,"man, no one",What does the image contain?,"hot air balloon, kite",Where is the image located?,"field, sky",Where does the image appear?,"field, sky"
TEST_776,What can you see in the image?,cats,What is the image that contains?,"cat, cats",Who is the person in the image?,"no one, nobody",What does the image contain?,cats,Where is the image located?,"field, yard",Where does the image appear?,yard
TEST_777,What can you see in the image?,"grill, knife",What is the image that contains?,"fire, grill",Who is the person in the image?,"chef, no one, nobody",What does the image contain?,"bbq, fire, flames",Where is the image located?,"background, grill, in grill, in woods",Where does the image appear?,"grill, in grill, in woods"
TEST_778,What can you see in the image?,flamingo,What is the image that contains?,flamingo,Who is the person in the image?,nobody,What does the image contain?,flamingo,Where is the image located?,lake,Where does the image appear?,lake
TEST_779,What can you see in the image?,"girl, stack of books, woman",What is the image that contains?,"hair, homework, window, writing",Who is the person in the image?,"girl, woman",What does the image contain?,"food, homework, writing",Where is the image located?,"classroom, in room, table, window",Where does the image appear?,"classroom, desk, in office, in room, kitchen, window"
TEST_780,What can you see in the image?,"baby, baby ' s face, boy ', child ' s face, hand",What is the image that contains?,"boy, eyes, face",Who is the person in the image?,"boy, child",What does the image contain?,"boy, child ', food, toddler",Where is the image located?,"in front of wall, wall",Where does the image appear?,"in room, kitchen, room"
TEST_781,What can you see in the image?,"man, people, woman",What is the image that contains?,"blur, hair, head, portrait, profile",Who is the person in the image?,"man, woman",What does the image contain?,"man, people, person, woman",Where is the image located?,living room,Where does the image appear?,"in living room, living room"
TEST_782,What can you see in the image?,city,What is the image that contains?,city,Who is the person in the image?,"man, nobody",What does the image contain?,city,Where is the image located?,"city, park",Where does the image appear?,"city, in park, park"
TEST_783,What can you see in the image?,"bird, dolphin, sail",What is the image that contains?,"dolphin, water",Who is the person in the image?,"diver, no one, nobody, surfer",What does the image contain?,"dolphin, water",Where is the image located?,ocean,Where does the image appear?,ocean
TEST_784,What can you see in the image?,"dumplings, noodles, pot, wontons",What is the image that contains?,"dumplings, pot",Who is the person in the image?,no one,What does the image contain?,"dumplings, food",Where is the image located?,"in pan, in pot, pan, under spoon",Where does the image appear?,"in pan, in pot"
TEST_785,What can you see in the image?,"man, produce",What is the image that contains?,"basket, baskets, crowd, food, man, man and woman",Who is the person in the image?,"man, woman",What does the image contain?,"flowers, food, man, people, produce, vegetables",Where is the image located?,market,Where does the image appear?,market
TEST_786,What can you see in the image?,food,What is the image that contains?,food,Who is the person in the image?,"chef, no one, waiter",What does the image contain?,food,Where is the image located?,"kitchen, restaurant, table",Where does the image appear?,"kitchen, restaurant"
TEST_787,What can you see in the image?,"surf, surfboard, surfer",What is the image that contains?,"surfer, water",Who is the person in the image?,surfer,What does the image contain?,"surf, surfer, water",Where is the image located?,"beach, ocean",Where does the image appear?,"beach, ocean"
TEST_788,What can you see in the image?,"basketball, man, wheelchair",What is the image that contains?,"ball, basketball, wheelchair",Who is the person in the image?,"athlete, basketball player, man, wheelchair, wheelchair man",What does the image contain?,"basketball, players, wheelchair",Where is the image located?,"court, gym, gymnasium, wheelchair",Where does the image appear?,"basketball court, gymnasium, wheelchair court"
TEST_789,What can you see in the image?,"fire, plane",What is the image that contains?,fire,Who is the person in the image?,"no one, nobody, pilot",What does the image contain?,fire,Where is the image located?,field,Where does the image appear?,"field, forest"
TEST_790,What can you see in the image?,"group, group of people, people",What is the image that contains?,"group, people",Who is the person in the image?,"group, man, teacher",What does the image contain?,"group, people",Where is the image located?,"mountain, mountains, top of mountain",Where does the image appear?,"mountain, mountains, on mountain"
TEST_791,What can you see in the image?,"food, spoon",What is the image that contains?,"bowl, soup",Who is the person in the image?,no one,What does the image contain?,"food, soup",Where is the image located?,"bowl, on table, table",Where does the image appear?,"bowl, in bowl, table"
TEST_792,What can you see in the image?,"couple, painting, paintings, woman",What is the image that contains?,"laptop, painting, picture",Who is the person in the image?,"man, man and woman, woman",What does the image contain?,"beach, painting, paintings, picture",Where is the image located?,beach,Where does the image appear?,beach
TEST_793,What can you see in the image?,"play doh, toys",What is the image that contains?,"play, play box, playbox, toys",Who is the person in the image?,no one,What does the image contain?,"play box, toys",Where is the image located?,"living room, playroom",Where does the image appear?,"living room, playroom"
TEST_794,What can you see in the image?,woman,What is the image that contains?,"woman, yoga",Who is the person in the image?,woman,What does the image contain?,"woman, yoga",Where is the image located?,"center, floor, living room, room",Where does the image appear?,"living room, yoga"
TEST_795,What can you see in the image?,"airplane, luggage, people, people waiting for their luggage, windows",What is the image that contains?,"luggage, people, silhouette, window, windows",Who is the person in the image?,"man, passengers, travelers",What does the image contain?,"group of people, luggage, people, silhouette",Where is the image located?,airport,Where does the image appear?,airport
TEST_796,What can you see in the image?,"child, little girl",What is the image that contains?,"baby, toddler",Who is the person in the image?,"child, toddler",What does the image contain?,"child, child playing, child riding bike, toddler",Where is the image located?,park,Where does the image appear?,"garden, in park, park"
TEST_797,What can you see in the image?,"cheese, glasses, wine",What is the image that contains?,"cheese, wine",Who is the person in the image?,"man, no one",What does the image contain?,"cheese, wine",Where is the image located?,"restaurant, table",Where does the image appear?,"dining room, restaurant"
TEST_798,What can you see in the image?,"balloons, boy, ice cream",What is the image that contains?,"amusement, ice cream, merry go round",Who is the person in the image?,boy,What does the image contain?,"amusement, candy, ice cream",Where is the image located?,"carnival, fair, merry go round",Where does the image appear?,"carnival, merry go round"
TEST_799,What can you see in the image?,city,What is the image that contains?,city,Who is the person in the image?,"man, no one, nobody",What does the image contain?,city,Where is the image located?,city,Where does the image appear?,city
TEST_800,What can you see in the image?,"gazelle, giraffe",What is the image that contains?,"antelope, gazelle",Who is the person in the image?,"no one, nobody",What does the image contain?,"antelope, deer",Where is the image located?,forest,Where does the image appear?,forest
TEST_801,What can you see in the image?,"clothes, man, man ' s clothes",What is the image that contains?,clothes,Who is the person in the image?,"man, woman",What does the image contain?,clothes,Where is the image located?,"apartment, balcony, closet, window",Where does the image appear?,"apartment, balcony, closet, in bedroom"
TEST_802,What can you see in the image?,"buildings, people",What is the image that contains?,"balloons, people, people walking, rain, street",Who is the person in the image?,pedestrians,What does the image contain?,"balloons, rain, umbrella",Where is the image located?,"alley, china, city, street",Where does the image appear?,"alley, china, city"
TEST_803,What can you see in the image?,"man, man ' s legs, men, runners, tennis players",What is the image that contains?,"ball, running, running man",Who is the person in the image?,"athlete, runner, runners",What does the image contain?,"players, race, runner, runners, running man",Where is the image located?,"field, tennis court, track",Where does the image appear?,"race, soccer field, tennis court, track"
TEST_804,What can you see in the image?,"jewelry, men and mannequin, vase",What is the image that contains?,jewelry,Who is the person in the image?,"man, man and woman, shoppers, woman",What does the image contain?,jewelry,Where is the image located?,"in gallery, in shop, museum, store",Where does the image appear?,"in jewelry shop, jewelry shop, museum, store"
TEST_805,What can you see in the image?,"boats, buildings, man, reflection, street",What is the image that contains?,"reflection, venice, water",Who is the person in the image?,man,What does the image contain?,"boat, reflection, street",Where is the image located?,"canal, city, italy, venice, water",Where does the image appear?,"canal, city, venice"
TEST_806,What can you see in the image?,"horses, tents",What is the image that contains?,"horses, kite, landscape, mountains",Who is the person in the image?,"children, man, riders",What does the image contain?,"horses, kite, mountains",Where is the image located?,"field, mountains",Where does the image appear?,"field, mountains"
TEST_807,What can you see in the image?,"hills, mountain, path, train",What is the image that contains?,"cliff, landscape, mountain",Who is the person in the image?,"no one, photographer",What does the image contain?,"hills, landscape, mountain",Where is the image located?,"countryside, hillside, mountains, valley",Where does the image appear?,"countryside, mountain, valley"
TEST_808,What can you see in the image?,chalkboard,What is the image that contains?,"chalk, chalkboard, classroom, map",Who is the person in the image?,teacher,What does the image contain?,"chalkboard, chart, children, classroom, map",Where is the image located?,"chalkboard, classroom",Where does the image appear?,classroom
TEST_809,What can you see in the image?,"bread, corn, croissants, pastries",What is the image that contains?,"bread, croissants, hot dogs",Who is the person in the image?,"baker, no one, nobody",What does the image contain?,"bread, croissants, food, pastries",Where is the image located?,"bakery, food, near bread, near spoon",Where does the image appear?,"bakery, in oven, near bread, near food, near pastries"
TEST_810,What can you see in the image?,"bird, dolphin, sail",What is the image that contains?,"dolphin, water",Who is the person in the image?,"diver, no one, nobody, surfer",What does the image contain?,"dolphin, water",Where is the image located?,ocean,Where does the image appear?,ocean
TEST_811,What can you see in the image?,"horses, tents",What is the image that contains?,"horses, kite, landscape, mountains",Who is the person in the image?,"children, man, riders",What does the image contain?,"horses, kite, mountains",Where is the image located?,"field, mountains",Where does the image appear?,"field, mountains"
TEST_812,What can you see in the image?,"birds, penguins",What is the image that contains?,"penguins, water",Who is the person in the image?,"no one, nobody, photographer, surfer",What does the image contain?,"birds, penguins",Where is the image located?,"beach, ocean",Where does the image appear?,ocean
TEST_813,What can you see in the image?,"group of people, people",What is the image that contains?,"group, people, smiles",Who is the person in the image?,"girl, girls, group",What does the image contain?,"group, people",Where is the image located?,"in front of building, park, school",Where does the image appear?,"in crowd, in front of building, in park, school"
TEST_814,What can you see in the image?,helicopter,What is the image that contains?,helicopter,Who is the person in the image?,pilot,What does the image contain?,helicopter,Where is the image located?,"field, sky",Where does the image appear?,"field, in sky, sky"
TEST_815,What can you see in the image?,"clothing, people, store",What is the image that contains?,"clothing, crowd",Who is the person in the image?,"shopper, shoppers",What does the image contain?,"clothing, people, store",Where is the image located?,"airport, mall",Where does the image appear?,"airport, mall"
TEST_816,What can you see in the image?,train,What is the image that contains?,train,Who is the person in the image?,"man, nobody, passengers, pedestrians",What does the image contain?,"train, train tracks",Where is the image located?,"train station, train tracks",Where does the image appear?,"train station, train tracks"
TEST_817,What can you see in the image?,zebra,What is the image that contains?,zebra,Who is the person in the image?,no one,What does the image contain?,zebra,Where is the image located?,africa,Where does the image appear?,"africa, field"
TEST_818,What can you see in the image?,family,What is the image that contains?,family,Who is the person in the image?,family,What does the image contain?,family,Where is the image located?,"living room, wall",Where does the image appear?,"in living room, living room"
TEST_819,What can you see in the image?,"basketball, frisbee, man, man with racket",What is the image that contains?,"basketball, tennis",Who is the person in the image?,"man, men",What does the image contain?,"basketball, tennis",Where is the image located?,"basketball court, court",Where does the image appear?,"basketball court, court"
TEST_820,What can you see in the image?,"sail, sailboats",What is the image that contains?,"boats, sail",Who is the person in the image?,man,What does the image contain?,"boats, sail",Where is the image located?,"beach, ocean",Where does the image appear?,"beach, ocean"
TEST_821,What can you see in the image?,"bowling alley, man",What is the image that contains?,"blur, bowling, bowling alley, video",Who is the person in the image?,"boy, man",What does the image contain?,"bowling, video",Where is the image located?,bowling alley,Where does the image appear?,bowling alley
TEST_822,What can you see in the image?,"building, buildings, mountains",What is the image that contains?,"landscape, scenery, sun",Who is the person in the image?,"man, no one, nobody, photographer",What does the image contain?,"buildings, scenery",Where is the image located?,japan,Where does the image appear?,japan
TEST_823,What can you see in the image?,"basketball, basketball hoop",What is the image that contains?,"basketball, dunk",Who is the person in the image?,basketball player,What does the image contain?,basketball,Where is the image located?,"basketball court, court",Where does the image appear?,"basketball court, court"
TEST_824,What can you see in the image?,man,What is the image that contains?,"rain, umbrella",Who is the person in the image?,man,What does the image contain?,"man, umbrella",Where is the image located?,city,Where does the image appear?,city
TEST_825,What can you see in the image?,"graffiti, part of building",What is the image that contains?,graffiti,Who is the person in the image?,"boy, man, no one, skateboarder",What does the image contain?,graffiti,Where is the image located?,"ground, street, train tracks, under bridge",Where does the image appear?,"in alley, on sidewalk, train tracks, under bridge, underpass"
TEST_826,What can you see in the image?,trees,What is the image that contains?,"galaxy, trees",Who is the person in the image?,"no one, nobody, photographer",What does the image contain?,"sky, stars, trees",Where is the image located?,"field, forest",Where does the image appear?,"forest, in forest, under clouds"
TEST_827,What can you see in the image?,"fencing, group, people",What is the image that contains?,"darth vader, fencing, flag, line, players",Who is the person in the image?,"jockey, players, skier",What does the image contain?,"fencing, people, players",Where is the image located?,"arena, background, behind fence, wall",Where does the image appear?,"arena, on stage, stage"
TEST_828,What can you see in the image?,"building, woman",What is the image that contains?,"building, clothing, pagoda",Who is the person in the image?,woman,What does the image contain?,"building, clothing, kimono, woman",Where is the image located?,"china, courtyard, in courtyard, in front of building",Where does the image appear?,"china, in courtyard, in front of building"
TEST_829,What can you see in the image?,"food, noodles",What is the image that contains?,"bowl, food, noodles",Who is the person in the image?,no one,What does the image contain?,"food, noodles",Where is the image located?,table,Where does the image appear?,"bowl, table"
TEST_830,What can you see in the image?,"cell phones, couple, group of people, man, people",What is the image that contains?,"cell phone, couple, group, picture",Who is the person in the image?,man,What does the image contain?,"couple, group, people, picture",Where is the image located?,park,Where does the image appear?,park
TEST_831,What can you see in the image?,"bathtub, sinks, toilet",What is the image that contains?,"bathroom, bathtub, bowls, toilet",Who is the person in the image?,"no one, nobody, photographer",What does the image contain?,"bathroom, bathtub, bowls, toilet",Where is the image located?,bathroom,Where does the image appear?,bathroom
TEST_832,What can you see in the image?,"mountains, woman",What is the image that contains?,"mountain, mountains, water",Who is the person in the image?,"man, woman",What does the image contain?,"cliff, mountain, mountains, view",Where is the image located?,"cliff, mountains",Where does the image appear?,"cliff, mountains"
TEST_833,What can you see in the image?,"play doh, toys",What is the image that contains?,"play, play box, playbox, toys",Who is the person in the image?,no one,What does the image contain?,"play box, toys",Where is the image located?,"living room, playroom",Where does the image appear?,"living room, playroom"
TEST_834,What can you see in the image?,"girl, water",What is the image that contains?,"playground, pool, splash, water",Who is the person in the image?,girl,What does the image contain?,"playground, slide, water",Where is the image located?,"playground, pool, water",Where does the image appear?,"playground, pool, water"
TEST_835,What can you see in the image?,"play doh, toys",What is the image that contains?,"play, play box, playbox, toys",Who is the person in the image?,no one,What does the image contain?,"play box, toys",Where is the image located?,"living room, playroom",Where does the image appear?,"living room, playroom"
TEST_836,What can you see in the image?,woman,What is the image that contains?,"weight, woman",Who is the person in the image?,"athlete, woman",What does the image contain?,"exercise, woman",Where is the image located?,"gym, gymnasium, in gym",Where does the image appear?,"gym, gymnasium"
TEST_837,What can you see in the image?,people,What is the image that contains?,"band, blur, people",Who is the person in the image?,"group, man, woman",What does the image contain?,people,Where is the image located?,"city, street",Where does the image appear?,city
TEST_838,What can you see in the image?,"tree, trees",What is the image that contains?,"tree, trees",Who is the person in the image?,"no one, nobody",What does the image contain?,"tree, trees",Where is the image located?,park,Where does the image appear?,"in park, park"
TEST_839,What can you see in the image?,"clown, fire hydrant, parade",What is the image that contains?,"clown, parade",Who is the person in the image?,"boy, clown",What does the image contain?,"clown, parade",Where is the image located?,"parade, street",Where does the image appear?,parade
TEST_840,What can you see in the image?,parasail,What is the image that contains?,"parachute, parasail",Who is the person in the image?,"man, windsurfer",What does the image contain?,"parachute, parasail",Where is the image located?,"beach, sky",Where does the image appear?,"beach, sky"
TEST_841,What can you see in the image?,city,What is the image that contains?,city,Who is the person in the image?,"man, nobody",What does the image contain?,city,Where is the image located?,"city, park",Where does the image appear?,"city, in park, park"
TEST_842,What can you see in the image?,"bird, flowers, macaw",What is the image that contains?,"flowers, parrot",Who is the person in the image?,no one,What does the image contain?,"bird, flowers, parrot",Where is the image located?,"forest, jungle",Where does the image appear?,jungle
TEST_843,What can you see in the image?,"bowling alley, man",What is the image that contains?,"blur, bowling, bowling alley, video",Who is the person in the image?,"boy, man",What does the image contain?,"bowling, video",Where is the image located?,bowling alley,Where does the image appear?,bowling alley
TEST_844,What can you see in the image?,"bench, path, road, trees",What is the image that contains?,"path, road, trees",Who is the person in the image?,"no one, nobody",What does the image contain?,"leaves, path, road, trees",Where is the image located?,"park, road, woods",Where does the image appear?,"in woods, park, woods"
TEST_845,What can you see in the image?,surfer,What is the image that contains?,"surfer, water, wave",Who is the person in the image?,surfer,What does the image contain?,"surfer, wave",Where is the image located?,ocean,Where does the image appear?,ocean
TEST_846,What can you see in the image?,"bench, buildings, people",What is the image that contains?,"bench, city, people",Who is the person in the image?,pedestrians,What does the image contain?,"bench, city, park, people",Where is the image located?,city,Where does the image appear?,city
TEST_847,What can you see in the image?,"kite, leaves, spider, tree",What is the image that contains?,"fog, spider, tree",Who is the person in the image?,"boy, man, no one, nobody",What does the image contain?,"fog, spider, tree",Where is the image located?,"forest, tree, woods",Where does the image appear?,"forest, under tree, woods"
TEST_848,What can you see in the image?,dog,What is the image that contains?,"dog, snow",Who is the person in the image?,"no one, nobody",What does the image contain?,dog,Where is the image located?,"field, ground, woods",Where does the image appear?,"in snow, in woods"
TEST_849,What can you see in the image?,"hand, woman, woman ' s hair",What is the image that contains?,"cleaning, woman, woman ' s face",Who is the person in the image?,"man, woman",What does the image contain?,"cleaning, scrubber, woman",Where is the image located?,"in kitchen, kitchen",Where does the image appear?,"in kitchen, kitchen"
TEST_850,What can you see in the image?,"boats, buildings, man, reflection, street",What is the image that contains?,"reflection, venice, water",Who is the person in the image?,man,What does the image contain?,"boat, reflection, street",Where is the image located?,"canal, city, italy, venice, water",Where does the image appear?,"canal, city, venice"
TEST_851,What can you see in the image?,sand castle,What is the image that contains?,sand castle,Who is the person in the image?,"child, girl, no one",What does the image contain?,"sand, sand castle",Where is the image located?,beach,Where does the image appear?,beach
